wallet_address,transaction_hash,block_time,action_type,amount_usd,token_symbol,gas_fee_usd,transaction_status
0x49bfe9add49f2345a77ac2542058917db7a70209,0x8584b936f6c6cb6240e704c222694e88e7c9a708f58448720c498d4ff99b461c,2026-04-24T08:08:26Z,swap,9.58,USDC,0.0759,success
0xc059aeec32fc5b9690031bdd642377c32abefe12,0xb898568d1a7a4f278bf09f2153eef1cb79dcaafaaf241126c032cbc2ee38e026,2026-04-24T15:56:41Z,swap,456.69,USDC,0.0735,success
0x602967384044966d9305439b02fc7978828bdfc8,0x76038d1b251f83e9485fca8fcee3ef841312811c9b092941ea33a17b6284e636,2026-04-25T18:06:53Z,swap,60.59,WETH,0.0498,success
0xd89da6f7a33d201b18b176999f39847142b2bba3,0xbaceab779e16bb25c9efcb7cf81c5e503a36fc07ef1a28d369c68c30e5de8daf,2026-04-26T03:06:07Z,swap,433.86,USDC,0.0357,success
0x8a630aaf52f9930cb631a18a5b0ab10da8ee403d,0x2b55dfb295be79469129a6afb20fbc8f5cc843fbee18f9aacf6f5733d4835e57,2026-04-26T06:48:53Z,swap,55.68,USDC,0.0614,success
0x5d3d604cc7cdf00ee9acd473c124875337dd6bbf,0xbd4556c39ac2440b0c565986043411012eb0fec5cdb0a26445c57cf96b41c47f,2026-04-26T12:40:39Z,add_liquidity,523.17,USDC,0.0743,success
0xb2a5450c8a346797b73e44dd8076e7421829f25a,0x1ea4d77a8e8ca2d179a36626ba79959ac6d5dedede3342bb2fae8285759fab38,2026-04-26T13:19:56Z,swap,216.91,USDC,0.0694,success
0x693a5c27576625f41accfb0f9bedfa6d35a03fce,0xf2a63e1887a0c8701938e3a20044c4627122fa6c7ba7aa454ff7fd62c1fdd85e,2026-04-26T14:42:36Z,swap,66.35,USDT,0.0317,success
0x13ba80f1b49a7d5ae543af57699f8aa9dbd8c723,0xa6c7d2f55c2e4e228c783df3ad55dce9ad801d7d1c5cbe05bfe282a234619073,2026-04-26T15:37:51Z,swap,78.9,USDC,0.0496,success
0x8be0b1f981bbdad10bc7f4aee8547b2483139e98,0x965fbd096dc38479a7cdb35edc4d7858bdc28f381b2b32e7b1eb057312fa184f,2026-04-26T17:15:09Z,swap,11.26,USDC,0.0025,success
0x602967384044966d9305439b02fc7978828bdfc8,0xeaea0aaed90670a55d2cb6bf5b8397c8881d6782647d1318f04f5334bbc8b644,2026-04-26T23:59:21Z,swap,223.36,MON,0.0517,success
0x18443d15dc82fc8a5f75b851c484f132fd79b815,0x6e05047dbc9ea1cd9c611b0e14c873d88125014b9583a9d8116157d4151251f1,2026-04-27T07:04:43Z,swap,2983.71,USDT,0.0654,success
0x693a5c27576625f41accfb0f9bedfa6d35a03fce,0x092e6eef980ed9c9af80b78d07c1ab8d8bdcd4c328a3d07f2221e98a9e1da048,2026-04-27T09:39:55Z,swap,237.85,WETH,0.0474,success
0x602967384044966d9305439b02fc7978828bdfc8,0x58730741bd0ea20405495584a79d480f10bbde14ef44f78835f2e696424b4d44,2026-04-27T09:56:00Z,swap,68.77,WETH,0.0245,success
0x18443d15dc82fc8a5f75b851c484f132fd79b815,0x9c18d1ce669e149600035136edbf55a1632080512c0545f29ceb4538b32a6fd8,2026-04-27T17:25:25Z,swap,1297.26,MON,0.0197,success
0x01cab2fc714847e82a806081c94444f74d3c835f,0x63395bd0d3470bcefb962b7e4ff0b2a77002341f92adff3c441ee3209dc36c8d,2026-04-27T19:57:17Z,swap,75.3,WETH,0.0394,success
0x01cab2fc714847e82a806081c94444f74d3c835f,0x45163d3df2617745bc7717408fe9ed50838f1d002f1f9058cf25492b31ba593a,2026-04-28T02:35:13Z,swap,75.56,USDC,0.0283,success
0x05efb2c5902d1212f5a23df263528ab1460deff3,0x96e9b80214f12699495750290e3ac16077879e06bfedcc88fedf9f362104aa44,2026-04-28T04:55:04Z,swap,233.88,MON,0.0077,success
0x1d431e4f5679fab78d8175bb6daa04a1adde84f7,0x9e58a0edef6a98bf32b13658ea4c04f744f7b58d96c7af4e024bb11866731964,2026-04-28T05:07:17Z,swap,183.48,WETH,0.0775,success
0x13ba80f1b49a7d5ae543af57699f8aa9dbd8c723,0x6e685a657f0bef122ae664387b1cb61acdc101ec19778084bb7bb735e42e88ca,2026-04-28T12:33:47Z,swap,121.05,USDC,0.0365,success
0xda050b8338555c50b798e61c794c01481c7bf024,0x23cff9144c2802101fddb95ecd8524c382c12c0cfd1ae8c4c47714639f00e04f,2026-04-28T13:12:16Z,swap,201.18,USDT,0.0055,success
0x8a630aaf52f9930cb631a18a5b0ab10da8ee403d,0xf538db3ae696adc51b790c35eeaea9e8f05b4847a52f73b9b50b5c759fea07d3,2026-04-28T16:51:19Z,swap,424.42,USDT,0.0064,success
0x9e7d010e249197bc22650b0579efecf7c9e3856a,0xdce3e6a96f6353b627e1c0c690adfaee5dbd0f19f036f1f3f13f54803eb35bad,2026-04-29T01:47:01Z,swap,74.7,WETH,0.0427,success
0xa59e093820ebbe42dd7f0cac813c158542dbb9fc,0xf36e6b1bb4f2262ffe443744f6ae287d4b5a27404b437ad3d7066075dbd8a01e,2026-04-29T03:34:15Z,remove_liquidity,415.93,WETH,0.0222,success
0x608a8ed4a1f26c4ce0842731a525f9b5583223ed,0x329baed7a6f4813e38b1203176c9768c8a1e30cae4e6de8897a794ff706f915f,2026-04-29T04:49:56Z,swap,117.13,USDC,0.0402,success
0x6779530a9be299d45d42d28113f1c96d84ff671f,0x13485e042dfe9cfcda9713be115c2e3c9db81afadecbd740f8b3c1a7fc2f1804,2026-04-29T21:02:29Z,swap,370.77,USDC,0.0092,success
0x7a5e1212305027c06ae45b3abe3e12f478646d09,0xf9307f8158aa5f81ca35b599f98d60225d7e477633e826f0d249a6936d94b848,2026-04-29T21:25:32Z,swap,42.37,USDC,0.0725,success
0x07661b7494914fbfee8026c074e5b98d5dcdbd3b,0x45e4e45fa07bb7bd4a0bbf98dbe8b42b73c37d6230b402680d83cce77376d157,2026-04-30T03:20:28Z,swap,159.58,USDC,0.0112,success
0x13ba80f1b49a7d5ae543af57699f8aa9dbd8c723,0x0d737a697b8f40427c0888ce9bbb7461a529cae5a3efefc7932aea93aee1638d,2026-04-30T04:52:35Z,swap,166.44,MON,0.0488,success
0x1d431e4f5679fab78d8175bb6daa04a1adde84f7,0x6baa8b1ce0d08fe4fa9845066ab6c76f2001cba317ddbaa60f40eb80f7785eb0,2026-04-30T14:44:58Z,swap,324.38,WETH,0.0398,success
0x0c7ef6cc4ffc60d1e6f3269ed199776bcf64740e,0x800abe9449bf95db55e015d9e305c537a9bb146f3fdab8291e2b854251e6952e,2026-04-30T16:07:59Z,add_liquidity,117.05,USDT,0.0434,success
0x5e40eb29e7a8a667a8cb0a0a44ff37e5273510c6,0x229b5706fc7da4398ce78513f22ee6836d5e50722098e722eebfe5e141732d58,2026-04-30T16:09:05Z,swap,1905.05,MON,0.0118,success
0xf69ea4e3a9bbda725467f483153b48b669ec1c7f,0x4abf550a9c600249f81db17ce1421f82cb4fe861f39e2c18028cf23691b5db5a,2026-04-30T18:59:44Z,swap,2650.72,USDC,0.0151,success
0x3be2729c3ae93bbd36c0da386a9580d865b0280c,0x7ed4fcf333d3ea306a2f5931a0dd55775dca6ed877385ced8e69cc527d3d37b0,2026-04-30T19:08:52Z,add_liquidity,343.89,WETH,0.0764,success
0x602967384044966d9305439b02fc7978828bdfc8,0xddbba2cacdec2b18d4871b41b0348dca5d0a4477cdf28f3fc241773708ec5c1e,2026-04-30T21:15:45Z,swap,24.38,WETH,0.0338,success
0x05b2ceb5b0f7ff5473deca7b411492a62b556c57,0x5ba56ed61c9dcc0dec31f4d0e7039d8048397cdebe2212ec61cffe956105b0ac,2026-05-01T00:40:20Z,add_liquidity,461.19,USDT,0.0177,success
0x84ba5f51a36a6f11a13769636e18c911007ab107,0xf2361c63432bb597cebbc34a52799e119aa1d839530dde647f92478b4d89854d,2026-05-01T05:35:15Z,swap,260.52,MON,0.0084,success
0x01cab2fc714847e82a806081c94444f74d3c835f,0xca25ae364c0b47e22de036ed8d07261b3b690a95fb93446f6d448ba66cfd349a,2026-05-01T05:57:50Z,swap,172.77,WETH,0.0426,success
0xbea5aa0dbd8e3c514b0ff9ecbdb0b82b0e47c0da,0x8b6a43cb27079cd499e0f8f4d4d8bbd7be536793c06481163dea0d636f4efc55,2026-05-01T06:01:19Z,swap,335.65,MON,0.0141,success
0x7d4d49a686a2cd1cf26759fda870b9fe937756c0,0x034b193a6b791886817a7ca43c6253f83991c7b49002d49d699b40edecf7d73a,2026-05-01T09:17:33Z,swap,5.92,USDT,0.024,success
0xdfcda5e7dbab5de27cb841f74aa18362816c25f3,0x2dbe79c2274a0bce0fbd2b0f506be631158451251a793c2c69d2843913d498e3,2026-05-01T11:25:01Z,swap,287.35,WETH,0.0092,success
0xec41e444083a04cce747e04c99a762aaa18d21ab,0x1052e3c711f1319db0badbdcd902c2a8a9f595f0cf7943a8cf22c5a9a08aa1f2,2026-05-01T12:34:01Z,swap,242.21,MON,0.0538,success
0x55ec8939f65f0509ac7a2f6f426319f622c0057b,0xde688fe0fb99a7c4c49e36a0fcf85c12c587b2f93844b960ebabfb743a96a937,2026-05-02T05:53:25Z,remove_liquidity,397.13,USDC,0.0794,success
0x05b2ceb5b0f7ff5473deca7b411492a62b556c57,0xb8ed020ba35a182d045282f4f050251c3725c81b2816af32e5c922f918767070,2026-05-02T06:12:32Z,add_liquidity,446.03,WETH,0.0224,success
0x1d431e4f5679fab78d8175bb6daa04a1adde84f7,0x6d24a5fd49d55a4797ab7944eb967ded1f6f0f87e05d11884bf11c6f1d2820ec,2026-05-02T11:37:26Z,swap,471.75,WETH,0.0157,success
0x9e7d010e249197bc22650b0579efecf7c9e3856a,0xdf65f6c75cfa2b733a8b4a941ffed35b3b2197b7993b80e3cbde98b9041c4a9c,2026-05-02T21:05:57Z,swap,306.55,WETH,0.0474,success
0xdfcda5e7dbab5de27cb841f74aa18362816c25f3,0xd4d89c6d857ab46b83ea9a8b29443ee105e76934f0b8dabea14fa216e809132c,2026-05-02T22:12:58Z,swap,286.03,MON,0.0692,success
0xd89da6f7a33d201b18b176999f39847142b2bba3,0x377ad993445e71e65ba4328c4c712643e9708e2c940b6f2fd54f5c3581697000,2026-05-02T22:38:50Z,remove_liquidity,392.3,USDT,0.0176,success
0x4434aecf551978ee0f3c0a8b612e9913c990906e,0xbc14aa3269f299d892d79c9c140394aa510bb5a81beefbc9bc92c8c2a00b0048,2026-05-02T23:47:07Z,add_liquidity,82.52,USDC,0.019,success
0xb4051c7c6679badff9b0fe7b6026b79363a962b5,0x1efaadec754a5a09908e759f7946a9c22a821eaba3e16fbc0e4f2797934460e0,2026-05-03T09:15:48Z,swap,475.44,MON,0.0675,success
0x8e1bd0347e011c01927c10a20c2fcec6b18edd3c,0x56aeba54b4ed3a85cf68c1984b6ccb8e7f97f116e1676ac34d49408a5f6c3f95,2026-05-03T14:06:50Z,swap,197.97,MON,0.0372,success
0x5d177992739b76111f3f01eb4922b6d92de9e589,0xb0704de1e594a44886494c1d00e6eda023397ef480becc32e087530991f7a38b,2026-05-03T14:49:59Z,swap,96.87,WETH,0.0767,success
0xbea5aa0dbd8e3c514b0ff9ecbdb0b82b0e47c0da,0x2ae66af1ffd586c06af61ccc17562868078f8f6cebca05bc583ce7d5bd00658c,2026-05-03T14:50:56Z,swap,290.35,WETH,0.0774,success
0x2c966f6660a492154debc8a1406f90419b7b70aa,0xf414b24a7276f6d84e8416ec7d08eb6af431c957e14661ddc6a318445e3ac435,2026-05-04T02:07:13Z,swap,280.69,MON,0.0438,success
0x102a61a0c093bf388fb4964a4fed11c23792c48a,0xe405701f244362e045c792e60bfa3e0949d06392ed5f535180618571582cc70b,2026-05-04T03:26:52Z,swap,76.62,MON,0.0663,success
0x6779530a9be299d45d42d28113f1c96d84ff671f,0x1160e155b442a9c66327e80cb04513558c37d80a3fdcbd9900421260c50ea740,2026-05-04T17:00:12Z,swap,163.64,WETH,0.0621,success
0x1f4cb4a707a29ea6c1f848ca401534a9e3a589c1,0x8ab0d40233e6e5a8b9afa6cee28870b80607d1d23fa83b553946c2afbcd95d1e,2026-05-04T18:56:34Z,swap,259.41,USDT,0.0571,success
0xc7286c78ef4f55ffb242c6e7ca4d6f41da526cb2,0xbdcec4b6555f3bdc22b568980e66c98d03be9c7e31329b107d42783f6f662b1a,2026-05-05T17:21:58Z,swap,209.52,USDT,0.058,success
0x386122da023a381bc4fec365a24233dabdb85263,0x0adfac25471ced846ce6e3ad16e0182a83d433b8e63247b2dba65cb853ef40c9,2026-05-05T18:12:41Z,swap,132.14,WETH,0.0149,success
0x0cf40de064ae1a2392df6f87b70ecf95c72df5aa,0x012a25fd31145b2c0e551292e5dc2df2e833f549b92a282b0c2eefb62ead6389,2026-05-05T19:22:46Z,swap,193.01,USDC,0.0304,success
0xab85fba92bd7fc5d451eb36603e76ec6f4ea0931,0x18d71ec43e5a0084cec5e5cbd5bfc8345ff1e8672df77d40b573d37b8f72fe97,2026-05-05T19:32:31Z,add_liquidity,70.36,MON,0.0442,success
0x6779530a9be299d45d42d28113f1c96d84ff671f,0x4f1c219757da1f0b68f9cd88685cfb364f2b607e2df43042d6331008aa7c57ea,2026-05-05T19:59:24Z,swap,83.91,USDT,0.0064,success
0xdfcda5e7dbab5de27cb841f74aa18362816c25f3,0x695ac7728587455a67ff0ff7f8479e62a56bd2bcbb6a78eef676ae49b8234025,2026-05-05T20:45:48Z,swap,218.63,USDC,0.0583,success
0xc9bcc409577edaf9bdf0d357afc8400fc942f122,0x55a596daff3f9f96f1a816b1fa5f3c923075ac3614dc03099e222b765a5ca40c,2026-05-05T23:14:15Z,swap,1539.61,WETH,0.0608,success
0x7fe5bf88570b01d1427b6730b77d5996a3441f65,0x0af6c01829435110f990ee26fe7e5a403193a24dc0d95a59fb3bef3ac8b8b064,2026-05-06T00:27:30Z,add_liquidity,2617.83,USDC,0.0433,success
0xb4051c7c6679badff9b0fe7b6026b79363a962b5,0x1f660c3461425792f4fa865a8d0dcca965cd6ed22addfac1475a9f6c1e98ee81,2026-05-06T03:42:47Z,swap,433.86,WETH,0.0274,success
0x55ec8939f65f0509ac7a2f6f426319f622c0057b,0xd1cab5d4593eae5fdd2284f6e9badd4729073d3b1b8614846b3629e58a201ad9,2026-05-06T03:56:41Z,add_liquidity,80.91,USDT,0.0207,success
0x8be0b1f981bbdad10bc7f4aee8547b2483139e98,0xf1b7c79ecaee40fcea38e41c8762e61673820f93ea072bcfdb05c527ad450267,2026-05-06T08:37:48Z,swap,45.88,WETH,0.0098,success
0x8be0b1f981bbdad10bc7f4aee8547b2483139e98,0xd391338311a2131bc4266bc9657ec7c4a95f7d30772369dd25d17231a162b156,2026-05-06T11:24:36Z,swap,82.28,USDC,0.0198,success
0xb2bd188ece78d21e119c0c28e0ccccb4694cd641,0xf7c300db00ca909ac3538f5843b658776088bde02310ff6e39095b1beb981889,2026-05-06T11:31:13Z,swap,148.84,USDT,0.006,success
0xb9d9e11c89a366af04b745e5f389150da2bf67c9,0x05924926349842a39dbc88d1cd73f1b43b296bce5c5beeb077b95a75ac554722,2026-05-06T14:54:51Z,swap,236.48,USDC,0.0694,success
0x8be0b1f981bbdad10bc7f4aee8547b2483139e98,0x0ac37c6af0d8d1c3bd17a1f1c6eccf5838c12d2ed66423ce7bd2216c0a957d2e,2026-05-07T04:19:09Z,swap,159.47,USDC,0.0098,success
0xc526f5e10ee2fd08a34ea263d1214d428dbefd0f,0x769bab8c7c446a45b860932711bb73e0ea938599a842ab56c841dc8161fd9d4c,2026-05-07T13:10:51Z,swap,2200.74,WETH,0.0082,success
0xd8391d6f65932df331cbd8f354f4496f1ef774d4,0xb2cd18692f225965c26b0f2432d498c0675b952a80dd608b779ef051fd0f1a3d,2026-05-07T15:15:39Z,remove_liquidity,251.73,MON,0.0339,success
0x05efb2c5902d1212f5a23df263528ab1460deff3,0xd28112c835967035ccb8c1b78188493ab81fd3c2891a47523f90010c7745de44,2026-05-07T17:32:57Z,swap,232.07,WETH,0.0489,success
0xc9bcc409577edaf9bdf0d357afc8400fc942f122,0xea2d1f788266429e265b77a65a7d2b719aca69d2fc5f0107eb962edd72ef2699,2026-05-07T20:56:52Z,swap,2564.01,USDT,0.0547,success
0xc7286c78ef4f55ffb242c6e7ca4d6f41da526cb2,0x9961845d745d4d66dd512fca9f1613e2627847c93901b4eb452c287c9434c0b8,2026-05-07T23:26:04Z,swap,97.43,USDT,0.0776,success
0x01cab2fc714847e82a806081c94444f74d3c835f,0x62b831ddada719606d1a2340ccc1a9563ac03610eeca81bb31b8a9a9822a098b,2026-05-08T02:31:37Z,swap,62.92,USDC,0.0016,success
0x01cab2fc714847e82a806081c94444f74d3c835f,0x5c029992bd09a6e04bf1c62224c49ad3ab55502be4f0174ec664a6ce6d1616fa,2026-05-08T06:47:28Z,swap,60.7,USDT,0.0614,success
0x0cf40de064ae1a2392df6f87b70ecf95c72df5aa,0xe337bceda9a435ecf369839541f1b1b5e6a844bddf85337e5223a9939ed2ca12,2026-05-08T10:26:38Z,add_liquidity,99.45,WETH,0.0504,success
0x5d177992739b76111f3f01eb4922b6d92de9e589,0x2fc1afaa0a07a86fe83f6432a47655ab2ffbc7a172bcbb60fa688e35dd7c93cb,2026-05-08T22:58:21Z,swap,214.42,USDT,0.0157,success
0xc526f5e10ee2fd08a34ea263d1214d428dbefd0f,0xe58c254efff50994d79dbdb21debec59c4993348593cb7c38d283997d17b4a8b,2026-05-08T23:23:56Z,swap,2521.73,WETH,0.0114,success
0xb9d9e11c89a366af04b745e5f389150da2bf67c9,0x0d28705524e74dd543b6915c64708831e3ac97c75b1b0a3e2f16081a0495d868,2026-05-09T04:49:28Z,remove_liquidity,252.61,USDT,0.0654,success
0x953aeebfc7b1c979713646769d1fc71183e1f67a,0x742b9df960c4cce46fc03a4aa61dea35a54c95c5bb1273ecda19fab1c4acd9ae,2026-05-09T05:03:05Z,swap,94.83,MON,0.0589,success
0xb2bd188ece78d21e119c0c28e0ccccb4694cd641,0x39b2f52a514c1001df8cbd8efa22cbc55b424100cc613ec1628598265c5b650d,2026-05-09T10:58:02Z,swap,222.13,WETH,0.0628,success
0x05b2ceb5b0f7ff5473deca7b411492a62b556c57,0x929be314de9fe5ed272f6a50f13026c0c1751e2285f1c22180dda1cdf1423b93,2026-05-09T15:21:08Z,add_liquidity,348.53,MON,0.072,success
0xec41e444083a04cce747e04c99a762aaa18d21ab,0x952d1eef7ad319835dc0e65475834f91b4ffb15eb76207ff7ae5d0a28447a21d,2026-05-09T18:19:05Z,swap,142.0,MON,0.0714,success
0xacb3407d2b2f835f95d36bb688635b0d87459d6e,0xf131dbb69bc1bb7575b47be27029e9737ffc30a038bad9c37e8df0a07bd75628,2026-05-09T19:32:38Z,swap,980.66,USDT,0.023,success
0xb9d9e11c89a366af04b745e5f389150da2bf67c9,0x9afa731325bc28bfef648c4bce55109d8ba3909d17585cfb757eec8ab104e2b7,2026-05-09T19:39:57Z,remove_liquidity,262.61,WETH,0.0333,success
0x4d3fdfac94c7e4266bcc8097a1034004dea1e6d1,0xa13d490f4eb057f32e209230c62b2c8269505f3c4a262782c7a71eed84e02d37,2026-05-10T00:55:57Z,swap,1788.2,USDC,0.0327,success
0xe83b8e78743ee836c5869ed3cfce9fe7418cca36,0xc91a94f4fc3bd8b7fe3c6e0c6d7ed148ddebd6d0d9a258030ca0aa631d778b33,2026-05-10T05:55:28Z,swap,353.58,WETH,0.0775,success
0x8a630aaf52f9930cb631a18a5b0ab10da8ee403d,0x0b87f4f1bf63afc55ff48005d282ec417a7d41a00a025d43242416f467f4f26c,2026-05-10T20:51:43Z,swap,124.99,WETH,0.0305,success
0x9e7d010e249197bc22650b0579efecf7c9e3856a,0x45e5f73c39f7f6ebd14c2bf1256d2e79ba6754ea89d07f4797cc2f573815d3dc,2026-05-11T03:38:51Z,swap,425.85,USDT,0.0653,success
0xb9d9e11c89a366af04b745e5f389150da2bf67c9,0x5c145db9f88d91a9b5238417d5bc37671a6f305cb076a9131565576c5d592ac8,2026-05-11T03:58:15Z,swap,360.87,WETH,0.0396,success
0xdfcda5e7dbab5de27cb841f74aa18362816c25f3,0xc0fd18bcfed47dade439a0ec9363268c85ef3d525fa68d38a1ab906af292a822,2026-05-11T04:39:15Z,swap,496.51,USDT,0.0462,success
0xb2a5450c8a346797b73e44dd8076e7421829f25a,0xff1510767786055f901a18ad68f42348f15c849a5fa0702199812ed367bea3d5,2026-05-11T13:18:10Z,swap,39.87,MON,0.0355,success
0x4d3fdfac94c7e4266bcc8097a1034004dea1e6d1,0xc8209f4148724278191f69243f7075dbddfeab4c3aee5f540b681d2fc11e848a,2026-05-11T18:05:53Z,swap,2954.21,WETH,0.0266,success
0x88fbb12771e16256942f4ea049db7d84466dde99,0x124b37be00d84ed0d6ec212ff206483b719ae9b3273590f946ed3caf836cd218,2026-05-12T09:02:17Z,swap,322.23,USDT,0.0186,success
0xe83b8e78743ee836c5869ed3cfce9fe7418cca36,0xbc1722d437662949125b7fc94a297b7c36a87c2fb2e51e0238407483ccd990b1,2026-05-12T12:01:03Z,swap,176.43,MON,0.0655,success
0xc526f5e10ee2fd08a34ea263d1214d428dbefd0f,0x69820ee05349c7a5d63dab1ccec7fa0e44ecd91b55c8a92ff6dcec4ee107466a,2026-05-12T15:03:32Z,swap,1909.78,WETH,0.0541,success
0x0cf40de064ae1a2392df6f87b70ecf95c72df5aa,0xd4e6f9d352cc3b8eea8ddfbf738f865ec17e7cbb73bf6c3aacab11e778be0175,2026-05-12T15:26:07Z,swap,382.51,WETH,0.0528,success
0xcde5dfb801266140fcb5798fc55e86de3500e3f7,0x4823f1e58c1f8126c5103d1f2c0104ac8da3554432a471dd4461888410e8db3a,2026-05-13T09:30:48Z,swap,154.4,WETH,0.0779,success
0x5e40eb29e7a8a667a8cb0a0a44ff37e5273510c6,0xaaff1c23f14defdbc6c0d4f8ca26a678b13297903be5b3e0014efd5b16a31c09,2026-05-13T18:37:30Z,swap,1967.08,USDT,0.005,success
0xdb453a9f6d789f4e94c2ec86249de78d07d34019,0x11c576a0252ab987b9d4dd5e2abeebb4105d3a55376c41cc2d287762bcd66342,2026-05-14T00:12:44Z,swap,244.04,MON,0.0785,success
0xa59e093820ebbe42dd7f0cac813c158542dbb9fc,0x5289fc0fc51004a4e5560d768b583aac003b1788c3a6f1bed90be38e94e0f57f,2026-05-14T03:34:48Z,swap,182.12,USDT,0.0457,success
0xb1a57c0d06e645a48144ff58785f94a4fc75c024,0xfcd6152226fc83c53676272510842d1dfd5a9b4c0cbc5dadb914dd25688de679,2026-05-14T07:17:21Z,swap,167.77,WETH,0.0582,success
0x8e1bd0347e011c01927c10a20c2fcec6b18edd3c,0xd6f49316f777a940e9fd2c7b0da728ae974f260bf40aa729026020db2fa67585,2026-05-14T12:14:53Z,remove_liquidity,24.6,WETH,0.0679,success
0x6779530a9be299d45d42d28113f1c96d84ff671f,0xda9becbb02b6b537972d86cab5ab73bf8acb11cb05fcdc9277d7142204fcfc4d,2026-05-15T05:29:04Z,swap,312.95,USDT,0.0358,success
0x1d431e4f5679fab78d8175bb6daa04a1adde84f7,0xc91d6f538e5b316e2e776bfd6b19f504d471e834d02185967793d6ca41f6a854,2026-05-15T12:56:04Z,swap,202.43,MON,0.064,success
0x18443d15dc82fc8a5f75b851c484f132fd79b815,0x61bf780e3b4b541bc53c4ea18e803c0bcefb4e2e5d5a72fc1af243108217478b,2026-05-15T18:02:59Z,add_liquidity,2964.24,USDT,0.0337,success
0x225f1d8970393d38871ed9c430c35a43c0ea09fb,0x250402bf5f5ca1fd5230b758730c0419908f5aca50172e10428bccdbe87df1a3,2026-05-16T09:45:39Z,swap,73.3,USDC,0.079,success
0x65492cb209de0561b543788c634d4ea8a6c5f319,0x7934a4754d3997daf31522b4edf41cda787504d528a4c7b56150a1e11f8be5c7,2026-05-16T11:56:59Z,swap,363.31,WETH,0.0068,success
0x7fe5bf88570b01d1427b6730b77d5996a3441f65,0xb98847a989db40c162c1d31d9e409b7ede82e3a40615cbec5d252a84d50fbe97,2026-05-16T13:54:03Z,swap,628.84,WETH,0.0542,success
0x5d177992739b76111f3f01eb4922b6d92de9e589,0x2f71810aea33af5fff28cc9d80f88e37b7be6fe298939d5eafe9e8a0030d0f82,2026-05-16T16:21:29Z,swap,209.88,USDT,0.0365,success
0x18443d15dc82fc8a5f75b851c484f132fd79b815,0x23e420a746ab19895b940a45ae03639655685e4053cad07995142320e442f311,2026-05-16T18:16:17Z,swap,1891.8,USDT,0.0505,success
0xd89da6f7a33d201b18b176999f39847142b2bba3,0xa990eb7c2dad834ac41d58961333da71dc16669164ca37ba28bb8ec67a47420a,2026-05-17T00:47:24Z,swap,350.78,WETH,0.0141,success
0xcde5dfb801266140fcb5798fc55e86de3500e3f7,0x8e19fb9541a99daf360ca85eb8b2349f0f70f8390eece5d03eb433a073d60a30,2026-05-17T05:26:46Z,swap,371.79,USDT,0.0693,success
0x65492cb209de0561b543788c634d4ea8a6c5f319,0xa38d9e726bbba16544896e0715be282d89bd743e023e0b9dd20625afc687919f,2026-05-17T12:47:26Z,remove_liquidity,250.03,WETH,0.0432,success
0xb2a5450c8a346797b73e44dd8076e7421829f25a,0xa92243aa0a494acd3c422d7be9d6346c1f57e7c2798659ce657bae920e067dec,2026-05-17T14:15:48Z,swap,115.54,WETH,0.0278,success
0x7fe5bf88570b01d1427b6730b77d5996a3441f65,0xad80d13f368337041b3e5e32c794536136bba969182775532329a3c58075fad7,2026-05-17T18:10:57Z,swap,2684.05,USDT,0.0646,success
0x5e40eb29e7a8a667a8cb0a0a44ff37e5273510c6,0x9306964fb0b9e15e90837ac872afe629878e709d82975fcef12fbf679d5770bc,2026-05-17T21:33:26Z,add_liquidity,1064.18,USDT,0.0051,success
0xee675121aaddb58f8599bfa74ccb31d708c424d5,0xd0942490fc4c17698a4010a3de24228c85917bb78028d3c88043ab73c19009ea,2026-05-18T15:07:36Z,swap,364.03,USDC,0.0083,success
0x55ec8939f65f0509ac7a2f6f426319f622c0057b,0x56947b46a1af150fbbcd1d581242b37fef923af837c7712c7668ee6ee788500d,2026-05-18T22:57:15Z,swap,417.67,WETH,0.0397,success
0xb1a57c0d06e645a48144ff58785f94a4fc75c024,0x1dc608ea65016d5a57fefe324130d5458740e009eead8120c07199dee1102a66,2026-05-19T11:59:06Z,swap,369.43,USDC,0.0726,success
0x0cf40de064ae1a2392df6f87b70ecf95c72df5aa,0x1b094c69da7e9fdfd48daba5c77fc03fd7ddb27372c0ad944abeeae06563f066,2026-05-19T14:30:40Z,swap,20.52,WETH,0.0072,success
0xc059aeec32fc5b9690031bdd642377c32abefe12,0xce5e4063de13eb9286437cc528b8bf60399a27e49f1ece2a5eca680d35dfeadd,2026-05-19T16:11:31Z,swap,135.67,MON,0.0654,success
0x07661b7494914fbfee8026c074e5b98d5dcdbd3b,0x383112ab581b0c499879e5515eddb4bcca2bf3dc328c869442d1a09dd59dd9b4,2026-05-20T03:47:46Z,swap,99.57,MON,0.0451,success
0xa95c2d388b385f27f96e202f126afec9a7ad1cda,0xdc0068604f4a727d8b0fe0563dedf028919fb199b95dda92c9bd9b54fe9833a2,2026-05-20T11:34:31Z,swap,2707.03,WETH,0.0088,success
0x84ba5f51a36a6f11a13769636e18c911007ab107,0x2663b05a2f00dd48d41c80c9c17348b65fea42bfb4721a72950c0566d666c0f7,2026-05-20T13:16:11Z,remove_liquidity,109.25,MON,0.0187,success
0xf687e55afeab7cb8e05429bb999c4fa85fcba184,0x05cf18905ccaaa90d32e927e1ca43e7f2a3c51d45c9308ea28a1d0c054e74d33,2026-05-20T19:33:52Z,swap,62.62,WETH,0.0345,success
0xc059aeec32fc5b9690031bdd642377c32abefe12,0xb139c163ffc82eb2abc7a8c5f68c2f071fc8f6ba289badad676173d647afb4a8,2026-05-20T20:01:56Z,swap,210.51,MON,0.0768,success
0x8be0b1f981bbdad10bc7f4aee8547b2483139e98,0xde58b9e142318d50f2c3f3e4381de04995a2823c652b343e6c4624bb91d9f991,2026-05-20T20:28:37Z,add_liquidity,153.22,USDC,0.0509,success
0xb9d9e11c89a366af04b745e5f389150da2bf67c9,0xcd98eeda334325e4cd95b015c948c8d47f1c164ca9002ce200381d96322f30c7,2026-05-21T01:02:00Z,swap,34.81,USDT,0.0241,success
0x55ec8939f65f0509ac7a2f6f426319f622c0057b,0x27b81cc6ff28faf143c31e871768f68b7340467761acd76ae56f0419b66f6d57,2026-05-21T02:11:42Z,swap,148.98,WETH,0.0306,success
0x55ec8939f65f0509ac7a2f6f426319f622c0057b,0x179edea8f41d4028f8991e064f0b3667cfba7ae1bfcdd24ef15892987e1b335a,2026-05-21T09:53:16Z,swap,401.41,USDC,0.0328,success
0xd89da6f7a33d201b18b176999f39847142b2bba3,0x1a6d698ef61fc369e8438caa36736983fcc0328f23df99cd63adf717dfe5e42d,2026-05-21T21:42:42Z,swap,119.18,USDT,0.0646,success
0x38c2be83ce6cf69ea2efbe174504d0696cf3c5ae,0x0ae622e22ecd932ce6abfd80120de2ac61a1c6cdce138910c973d46bfce79bbf,2026-05-21T23:41:06Z,remove_liquidity,206.06,USDT,0.0363,success
0x0cf40de064ae1a2392df6f87b70ecf95c72df5aa,0x4726cfdf64ed7ac8a4f8a85722c2a7d2a18db51b57580a744d6b638c5c2bf18e,2026-05-22T07:23:50Z,swap,269.33,WETH,0.0017,success
0x65492cb209de0561b543788c634d4ea8a6c5f319,0xcb7bbfe2f603328c15c65c6acf8034e2636ced348cb3e1f327e74909bf0aafc2,2026-05-22T09:39:03Z,add_liquidity,437.42,WETH,0.0439,success
0x693a5c27576625f41accfb0f9bedfa6d35a03fce,0x1cc7022ae2f521a47fbc3aa19eec0245d0925ee0593e7839cf37cbd2304c29b0,2026-05-22T13:13:14Z,swap,222.5,USDC,0.0669,success
0x13ba80f1b49a7d5ae543af57699f8aa9dbd8c723,0x63b29affd7af6847fe5b45f7a996dfc9fb9b9bdf0b685e1867c178d07587c5f7,2026-05-23T03:18:08Z,swap,239.85,WETH,0.0092,success
0xe83b8e78743ee836c5869ed3cfce9fe7418cca36,0x439eea59fc18d05d96dce9404fad572bf5ba159d1efd19b941aa29ea56b908f0,2026-05-23T12:05:59Z,swap,74.67,USDT,0.0478,success
0xb45eb8e417170a84f2857cef2872becc9eec0279,0x669bd27dccd63a0765e1cf5a52ee58c24bf55fe9aeed70954d76061ffa33ae6a,2026-05-23T12:50:46Z,swap,36.85,USDC,0.0206,success
0xe83b8e78743ee836c5869ed3cfce9fe7418cca36,0xb94625e6721f8869fdf3acf6ac409089314d0ac2cddf08e5df0d25ce2e56991a,2026-05-23T23:38:39Z,swap,347.22,USDC,0.0763,success
0xa95c2d388b385f27f96e202f126afec9a7ad1cda,0x3f3c56dfbcff47012a6651c5bec76a177ae742d49fe61c13591cf7e851d2f158,2026-05-24T05:25:01Z,remove_liquidity,1673.73,MON,0.0732,success
0x01cab2fc714847e82a806081c94444f74d3c835f,0x507ac81edff103b63e769cb3cb0358686bf9cb82dd2577f74365a347451a505d,2026-05-24T11:51:59Z,swap,38.8,WETH,0.06,success
0x9e7d010e249197bc22650b0579efecf7c9e3856a,0x8127879bce22f27fb25f859e1605270ffee22a4cac6abaea82c4858e6c0a1870,2026-05-24T15:35:58Z,swap,162.77,USDC,0.0541,success
0x7d4d49a686a2cd1cf26759fda870b9fe937756c0,0xfc84d8856a3ca5e8e7d3f592b4777e1b0e5bcdf512f718fa447fbe336cf31b5e,2026-05-24T18:39:58Z,swap,90.05,USDT,0.0377,success
0x05b2ceb5b0f7ff5473deca7b411492a62b556c57,0x8c53dbc7ff1124a58286cf778d5614d7ba6b6daff5926132346bbacec0120ded,2026-05-25T03:54:58Z,swap,35.79,MON,0.0022,success
0x6178f1b83754b2bcbc40e2415cb10becc29a863a,0xf216b328e26428b5abf0d43f5bf08f628b7adbc9fe9d45de0d7a2ec87c7bb660,2026-05-25T12:38:48Z,swap,80.59,MON,0.0092,success
0xc7286c78ef4f55ffb242c6e7ca4d6f41da526cb2,0x841e04a169226bd526b3824399d0831cd17bb3275f4b7ea935b70ac182f06452,2026-05-25T16:43:03Z,swap,190.57,WETH,0.0195,success
0x602967384044966d9305439b02fc7978828bdfc8,0xd5b51fd8bd8ce59f9d8304e911cef165131f353a48bab3226f9f05868530bded,2026-05-25T18:42:37Z,swap,91.65,USDT,0.0257,success
0x3be2729c3ae93bbd36c0da386a9580d865b0280c,0x92a581bbc373ee8f26cb022af11d0f92eececff167b0405727b4615f0eeec93d,2026-05-25T20:54:16Z,swap,357.23,WETH,0.0699,success
0x19c29f8fd75beae144bbbac909ccf21a8aace7fa,0x2c6e9f572826910159c0f4c433e5ae1860eb83c5b9745b2144a2ba005a9a15ed,2026-05-25T22:37:55Z,swap,61.52,USDT,0.016,success
0xacb3407d2b2f835f95d36bb688635b0d87459d6e,0x892f6955d5e3edaa71b3734f4e81828b589193ab57d2f39eea4dcea5225f47fe,2026-05-26T05:40:46Z,swap,2853.71,MON,0.0619,success
0x6779530a9be299d45d42d28113f1c96d84ff671f,0x0cc6e48c3149daedee6f4c77c086e7166449ee1d9b596d28f2872e783230d0d0,2026-05-26T08:35:07Z,swap,321.48,USDT,0.0737,success
0xd8391d6f65932df331cbd8f354f4496f1ef774d4,0x7a2be184e3b99d948a1ea3a14cdf40236e9ad56006dc5eef837daec6bbe46746,2026-05-26T11:49:55Z,remove_liquidity,75.71,USDT,0.0285,success
0x1d431e4f5679fab78d8175bb6daa04a1adde84f7,0x4425deffc2457887c21f7d416caf264d1bc6db006089ce992effc6eea17d39a8,2026-05-26T13:54:38Z,swap,59.38,USDT,0.031,success
0x5e40eb29e7a8a667a8cb0a0a44ff37e5273510c6,0x861d20fe2a713000c48f8fda9725f484b2ac9b814111c0375b2117c80b5dea4c,2026-05-26T15:05:06Z,swap,2293.4,USDC,0.0548,success
0x88fbb12771e16256942f4ea049db7d84466dde99,0xdb278ae5c1a19c2ff8ce6b6f4835f4e21d3904b02bdb99e2ee443c1dcc895b57,2026-05-26T22:45:46Z,swap,171.42,MON,0.0693,success
0xa59e093820ebbe42dd7f0cac813c158542dbb9fc,0xaab8337f1e6280fd705e9eb6f1ab6d7ff71433f12eb2e287c1a7f5112c959c1b,2026-05-27T18:43:09Z,swap,185.0,USDC,0.0046,success
0x8e1bd0347e011c01927c10a20c2fcec6b18edd3c,0x207ef1c71fc8d116f62c5895c4ce47b87f26e95879d6c6d7678a536ec9f8dc0e,2026-05-28T03:36:42Z,swap,35.91,WETH,0.0068,success
0x1d08af48901261825eb561135d360496c0d1c0d4,0x28d4a536449850bb70c014ef0642cea8f684ce84cdc9c75443312757cd9967f0,2026-05-28T08:07:35Z,add_liquidity,25.58,USDC,0.0447,success
0x386122da023a381bc4fec365a24233dabdb85263,0x0bcdf2669bb9bb3ca340b0d97247f285c2015ce6830ccbce4dbf15e59360dcaf,2026-05-28T10:11:16Z,swap,224.97,MON,0.0429,success
0x9e7d010e249197bc22650b0579efecf7c9e3856a,0x75581169531939a322f18ecd3cc28e11802614393781cd9d672280f9f27eb0bd,2026-05-28T12:21:33Z,swap,134.51,USDC,0.0155,success
0x953aeebfc7b1c979713646769d1fc71183e1f67a,0x400b4a02999fa098862a6e088ae8473b5b1c3ce2639d3b5ac575f6e42b4c20b7,2026-05-29T02:31:05Z,swap,108.49,MON,0.0648,success
0xf69ea4e3a9bbda725467f483153b48b669ec1c7f,0xe4e0fa589279c7b0f9a89995f3887072bcfe1596c13698d1f6f05f5cef78d322,2026-05-29T11:19:02Z,swap,1822.11,USDT,0.067,success
0xc7286c78ef4f55ffb242c6e7ca4d6f41da526cb2,0xe5e14bb952ed4c686f97d4fd147269bceafbbf98d643e658124b700cc5d77c6b,2026-05-29T13:49:14Z,swap,241.74,WETH,0.0724,success
0xf69ea4e3a9bbda725467f483153b48b669ec1c7f,0x76c63cffb9a0c7617cea97890172a48332830cd8f2b5a06abcbbff1e633b0fff,2026-05-29T15:37:47Z,swap,2946.23,WETH,0.0542,success
0xa95c2d388b385f27f96e202f126afec9a7ad1cda,0x1e5ebcc28e374fb4ded670b50384b0eda07a113eb89235306ca25c77fc094061,2026-05-29T23:00:21Z,swap,1534.83,USDT,0.0596,success
0xb2bd188ece78d21e119c0c28e0ccccb4694cd641,0x28cd5ea4fbdf9743068d079d269595537999bfe3573f913a20433e2f7330216a,2026-05-29T23:10:10Z,swap,473.23,WETH,0.0479,success
0x1d08af48901261825eb561135d360496c0d1c0d4,0xc9ae9c90d0a72f620f4e5da7f7b5fefb8e37819f9db7a658523ec5ae927e8dd6,2026-05-30T04:24:23Z,add_liquidity,90.18,WETH,0.0187,success
0x07661b7494914fbfee8026c074e5b98d5dcdbd3b,0xa423326fce29f3c78c8ae16c36176bcf4290857601acf5ffc72ccb645fc006c9,2026-05-30T12:15:27Z,swap,44.62,WETH,0.0405,success
0xab85fba92bd7fc5d451eb36603e76ec6f4ea0931,0x6c9ea86c1116121aed2fe3e542421b51a385e7abe34f72159ae88c2c7c7d7ed8,2026-05-30T13:23:53Z,swap,59.17,USDC,0.0023,success
0x7fe5bf88570b01d1427b6730b77d5996a3441f65,0x623757234b51f138149c37fec9dd542d3597e701015563c874ea7bdf0746d970,2026-05-30T17:04:54Z,swap,2178.63,USDT,0.0389,success
0x5d3d604cc7cdf00ee9acd473c124875337dd6bbf,0x2fbdfc5649e5f17fa4394d46b012e54cde4acbfe7d688d9384b2127df05232b5,2026-05-31T13:03:50Z,swap,1635.87,WETH,0.0713,success
0x3be2729c3ae93bbd36c0da386a9580d865b0280c,0x8625543bc84d20e4d60bf3c9440501f3c196825edc96d4e8448ff90389aebb62,2026-05-31T14:12:10Z,swap,46.0,MON,0.0798,success
0xa59e093820ebbe42dd7f0cac813c158542dbb9fc,0xa47209bfc11aade93511d7bc3715a418e2fd3d79102ea82de80229c94581f88b,2026-05-31T14:44:41Z,swap,421.62,USDC,0.0108,success
0xe83b8e78743ee836c5869ed3cfce9fe7418cca36,0x15bf3655d6932a5d5a65067c1b3fa691ffc1544cb5498beb32e44edbb860ce86,2026-05-31T15:57:54Z,swap,360.02,WETH,0.064,success
0x71582dea99e5376ea9a859d99e6381ae79e99175,0x006567e55bfce59749acbbb884d168e6369ac3ae3b50bfacbabe12395244a9d2,2026-05-31T22:13:20Z,swap,58.49,MON,0.0621,success
0x18443d15dc82fc8a5f75b851c484f132fd79b815,0x2e8198bcc17d4a164472549848cf147ef8ca8bee61d1f58ce8d2851753c7bd60,2026-06-01T01:20:45Z,swap,1739.05,MON,0.0754,success
0x19c29f8fd75beae144bbbac909ccf21a8aace7fa,0xd5814cc32cf45715066cb181a23f4f35846f684423477d66554b12b5b916f2cf,2026-06-01T02:10:31Z,swap,180.32,MON,0.0375,success
0x8c1855db2849691e8b09d7cc55bd751db02fb851,0x7d625f8dc33d88ba05fd636d17f28d54543c4ffe12fd6d8e484fb0d397c5e45d,2026-06-02T09:56:52Z,add_liquidity,41.79,USDC,0.0462,success
0x6779530a9be299d45d42d28113f1c96d84ff671f,0x29fb8167acada3e9d3e1b929a6a9b47ef7efa98197495e1f4bea90d0cbaf8965,2026-06-03T00:03:45Z,swap,232.34,USDT,0.0078,success
0x102a61a0c093bf388fb4964a4fed11c23792c48a,0xe275a5f059df8c13b567f3f4859596b51d16b820e858a0343daebfd30e4dabe9,2026-06-03T06:38:43Z,swap,83.05,MON,0.048,success
0xc059aeec32fc5b9690031bdd642377c32abefe12,0xb7aeedf6bf9328a7a329cd0f55fa03509552715f48130c5f60e3249bc6830689,2026-06-03T19:18:28Z,swap,136.74,USDT,0.0247,success
0x05b2ceb5b0f7ff5473deca7b411492a62b556c57,0x0b1af7baa80f25eae7aa7c73cb05ca3be56f0943a3c092b31fcd3b83211b06a5,2026-06-04T03:04:56Z,swap,89.21,WETH,0.0744,success
0xb1a57c0d06e645a48144ff58785f94a4fc75c024,0x2c634e21a3cc3333aff57f74d06e7970cf08e9f6bcc2f1968ad8c76f2f821086,2026-06-04T07:34:16Z,swap,271.94,USDC,0.0518,success
0x5241046eae9fa102b3d0692008fd7c51de57d93d,0x90c2c4119dc690247de0edb733d49d1227992b48b85d5cd86d14d16c05a86202,2026-06-04T07:41:07Z,remove_liquidity,198.6,WETH,0.0273,success
0x1d431e4f5679fab78d8175bb6daa04a1adde84f7,0xe1f3c146f80401ce4a2bc38041bb20c62358a06d7762158fc2568550df525770,2026-06-04T10:29:21Z,swap,94.05,WETH,0.026,success
0x18443d15dc82fc8a5f75b851c484f132fd79b815,0xb0a1bb6b64ef931f39791c36ca6bf5ffb3f63d0059945ef0ca20e12bd6fa2808,2026-06-04T14:51:25Z,swap,2464.51,MON,0.056,success
0x5e40eb29e7a8a667a8cb0a0a44ff37e5273510c6,0x754ff97c27a36adca8486596d7173b2a33e1f97746e4268020a70eff7f9438fd,2026-06-04T22:48:38Z,swap,2911.3,USDT,0.0331,success
0xec41e444083a04cce747e04c99a762aaa18d21ab,0xf91a18a5da745f44abee30efdbf042020f13f946f586e340bc0f65b38dabaf3b,2026-06-05T05:11:02Z,add_liquidity,180.83,USDT,0.0637,success
0x8e1bd0347e011c01927c10a20c2fcec6b18edd3c,0x5ca82410a89831ef6c6c867ffbda1579d7fddc4d0254111e030535c096376b43,2026-06-05T12:33:24Z,swap,155.99,USDC,0.011,success
0xf69ea4e3a9bbda725467f483153b48b669ec1c7f,0x3a0556c515968d60794cb1a7ead4cf01f75fa7a53f84877f70af43901df5d8fa,2026-06-05T13:10:01Z,swap,1829.83,USDT,0.0206,success
0xd89da6f7a33d201b18b176999f39847142b2bba3,0x72568ca94907284922b3acc26671a790d1b905b180be31e2ad15b13a88ff9ed3,2026-06-05T15:57:07Z,swap,275.49,USDT,0.0266,success
0x1ec2d58d2f11c0de95e193de56b77356a6756410,0x109b2f0979f660c7bf79db6c053477e67cbab5f4862fca4f40916ca69ed15080,2026-06-05T16:44:17Z,swap,113.95,MON,0.0615,success
0x07661b7494914fbfee8026c074e5b98d5dcdbd3b,0x3598279745f4ace9e1c8a4e4448c810bb537b57f9968ee2a6655232a52241b85,2026-06-05T17:24:05Z,swap,42.89,MON,0.0645,success
0x13ba80f1b49a7d5ae543af57699f8aa9dbd8c723,0x5d541a07b346d3eefdfc00d247ae9a75bac6b52d46567417f6287ce1e9c1a0d3,2026-06-05T21:02:07Z,add_liquidity,92.43,USDC,0.0409,success
0x8e1bd0347e011c01927c10a20c2fcec6b18edd3c,0x47d1c14549d992b85e96ef54ba6f8422a4246cb8c807a4132658297967184d62,2026-06-05T21:14:55Z,swap,150.49,MON,0.0311,success
0xec41e444083a04cce747e04c99a762aaa18d21ab,0x0f5b4a1829999e9bcaa4e017b2d2e38cf09c1b2b1f78fc634a80e28485b2e891,2026-06-05T21:20:07Z,swap,39.13,USDT,0.0636,success
0xc9bcc409577edaf9bdf0d357afc8400fc942f122,0x7e865001d77886380ae645b5beed739c3fa56836168e3e098d2d87b21374b0ea,2026-06-06T04:10:36Z,swap,2468.43,WETH,0.0427,success
0xb4051c7c6679badff9b0fe7b6026b79363a962b5,0x71dcf2017d9586454721f25856beb5b3dfac1002e6b5e0c7b358f09bbee39d54,2026-06-06T10:53:40Z,swap,432.56,USDT,0.0247,success
0x0bdd40fed377b286f252cc27319809c74d9162d5,0x4b17e58daa9da3ce99eebcef59efadf5b86c5947eec2c98a5af4b4d0c2c25d7e,2026-06-06T11:52:56Z,remove_liquidity,47.84,USDT,0.041,success
0xacb3407d2b2f835f95d36bb688635b0d87459d6e,0x40102ab720be7df7f9bb37967f75bc6e3bb1fb4eaba0600e0aec424e89a86f86,2026-06-06T15:05:36Z,swap,2225.6,WETH,0.026,success
0x88fbb12771e16256942f4ea049db7d84466dde99,0x32d621cdaa39b8c0c4b8570e00393d330254a134f2dcf391a7549ff4eb361e54,2026-06-06T16:35:02Z,remove_liquidity,126.07,WETH,0.0547,success
0x13ba80f1b49a7d5ae543af57699f8aa9dbd8c723,0x41427f10063bf2a41df33e6a76d62cf465486be62e6d62df9947dcffee86d85d,2026-06-06T19:56:15Z,swap,69.46,WETH,0.0793,success
0xd8391d6f65932df331cbd8f354f4496f1ef774d4,0x1e58e9ab05a9799be87b0077f82e20e641a0db105d59d8ec28cee05e115b1f10,2026-06-06T23:00:54Z,swap,396.45,WETH,0.0285,success
0xa95c2d388b385f27f96e202f126afec9a7ad1cda,0x67b34c18f5bd6106913f23fe55c00efc4407dd8a4c5d6ac0e343c96b089dd18a,2026-06-07T06:26:31Z,swap,1883.28,WETH,0.0243,success
0x8be0b1f981bbdad10bc7f4aee8547b2483139e98,0x6e2cc7f081481a286b60133a405efd81e9bb17af5886339acfa68599576270ca,2026-06-07T13:06:19Z,swap,182.45,MON,0.0349,success
0x8be0b1f981bbdad10bc7f4aee8547b2483139e98,0xed9f88d174629160a728caaa301a7bd8e54885468b12f2fb69824e3dacabc014,2026-06-07T20:53:58Z,swap,67.74,WETH,0.0158,success
0xb2a5450c8a346797b73e44dd8076e7421829f25a,0x69a02f3ac223a348eb0591b37c6bf4ef3b97730be69b76fdd935bf3d1799666d,2026-06-07T23:06:04Z,swap,176.1,MON,0.074,success
0x6c83efa720dd8ae402a6f1064cb2c55f2a593125,0xe1a6d779e1aa3d1baea8d76506328bd2cd41ff1bad42fd5d03a379bcb478daf2,2026-06-07T23:28:37Z,swap,234.31,USDT,0.0377,success
0x1ec2d58d2f11c0de95e193de56b77356a6756410,0xe2b12e829c9096ae3097fe70949fd79e2aa1a0b48e360d086bfc5d5f4edde27c,2026-06-08T02:04:16Z,swap,258.16,MON,0.0357,success
0x8e1bd0347e011c01927c10a20c2fcec6b18edd3c,0xe873069b5ac75227b8899a868a1739911cbf0a8690fdeb58e8c4d4a1841c2123,2026-06-08T05:43:59Z,swap,80.78,WETH,0.0088,success
0x6779530a9be299d45d42d28113f1c96d84ff671f,0x24ae7ee1761df1d46d3aef16ecd4205f435d241a405fba446eba72fca02e0438,2026-06-08T09:07:19Z,swap,381.17,WETH,0.0288,success
0xc9bcc409577edaf9bdf0d357afc8400fc942f122,0x59cf4147734fe31ce56108becde6088dc03b19eac25ddb3f3076667a227fccc6,2026-06-08T10:14:39Z,swap,2793.11,USDC,0.0059,success
0xe83b8e78743ee836c5869ed3cfce9fe7418cca36,0xeba704f13d4544da7052b83c02af899448bf140524d0697cbf5019faba8480a3,2026-06-08T12:10:23Z,swap,53.2,WETH,0.0542,success
0x5e40eb29e7a8a667a8cb0a0a44ff37e5273510c6,0xa55acc1c909e88a265c579461736e3fb6c131fdcbfabf3a9bf79c7bddda992a9,2026-06-08T12:20:07Z,add_liquidity,2696.0,WETH,0.0524,success
0xdb453a9f6d789f4e94c2ec86249de78d07d34019,0x195e75971e0339c02e96d12972bd0f18125623c9b1284b74a324327d0ce99527,2026-06-09T00:15:51Z,swap,132.57,MON,0.0152,success
0x1f4cb4a707a29ea6c1f848ca401534a9e3a589c1,0xf75c5765e0e18a7dbac77638fe7826520ba2a4bc915ed77b5ac656b5d6b27b9e,2026-06-09T01:27:36Z,swap,25.2,WETH,0.0084,success
0xb9d9e11c89a366af04b745e5f389150da2bf67c9,0x3467e939bdfc2e7a007a1405004107f1fa2e3e2685795bff03b8c7f23401ade1,2026-06-09T12:56:54Z,swap,278.05,USDT,0.0627,success
0x5241046eae9fa102b3d0692008fd7c51de57d93d,0x8c64af8c4cae14b0432b1ce35de81da2da1b88cd8f84d1ac151f881bc33a9175,2026-06-09T17:48:13Z,swap,345.94,MON,0.0335,success
0x693a5c27576625f41accfb0f9bedfa6d35a03fce,0x1c8c703511c4777ce9b3dd6a404147bcde085458bfd3f8f3bef595ef3ed3caa6,2026-06-09T19:53:53Z,swap,235.37,MON,0.0036,success
0x5890975cb27701f68e54bc3931fc2111b05d2058,0x4544711b98ed0ac9188d1707b6665609179f5622c5f88773b415daf3673e9322,2026-06-10T07:38:54Z,add_liquidity,74.38,WETH,0.0514,success
0x05b2ceb5b0f7ff5473deca7b411492a62b556c57,0xd4582a0baf9a073bb3707b32fb78f3331c87f1cfd1452767955230d7a65ab1cf,2026-06-10T12:45:15Z,swap,290.7,WETH,0.0545,success
0xd8391d6f65932df331cbd8f354f4496f1ef774d4,0x5449d68c05d6894e8aac0b700ef1dc2d6ed31163a39b16de7d31d620d90ff124,2026-06-10T14:10:10Z,swap,366.56,WETH,0.0262,success
0x1d431e4f5679fab78d8175bb6daa04a1adde84f7,0xa24f6b872c3b72d1d9f8ae47dd7b8831d7b5c2903ca4f1c0e1e72f0a45137750,2026-06-10T14:55:53Z,swap,22.49,MON,0.0361,success
0x8bf0474198fdea8b955866f1909e2c75500101e4,0xdfa58a4e3680a7e962a9120ca3ba98f9ace1497006ce219d897ca35b65f1b47a,2026-06-10T17:50:23Z,swap,11.06,USDT,0.0645,success
0xc059aeec32fc5b9690031bdd642377c32abefe12,0xffff737bbe06140dbf10c2317613a6c634bc230d1c83674de765e4716d935fbb,2026-06-10T18:14:52Z,swap,58.7,USDC,0.0084,success
0x8e1bd0347e011c01927c10a20c2fcec6b18edd3c,0x941c755964d81e04c5830eb68c3f4b0279593c14552d257fed322a61d3ddc1ee,2026-06-10T22:01:44Z,swap,214.67,USDT,0.035,success
0x07661b7494914fbfee8026c074e5b98d5dcdbd3b,0x91ead7c2cb73bd7d2dbc55fdc1fda9087709dd58c9fa25fcd39357c40d3dadba,2026-06-10T23:00:00Z,swap,45.75,USDT,0.0269,success
0xee675121aaddb58f8599bfa74ccb31d708c424d5,0xd40dfeae8d76a94920969f09774ac20f59ae77cf2f660ceece2325f0a3d62af0,2026-06-11T01:41:17Z,swap,125.14,USDC,0.0274,success
0xc526f5e10ee2fd08a34ea263d1214d428dbefd0f,0x48b4c1c9432ebdc36e05a268911fd22e701b534ab02d8b5bf0aa23b1816bf454,2026-06-11T01:52:11Z,swap,554.43,MON,0.0655,success
0xf687e55afeab7cb8e05429bb999c4fa85fcba184,0x710b68487abcf927d8229bcb00844b4c6409c60a60f282c899cd319fd5830e52,2026-06-11T04:29:16Z,swap,78.66,USDT,0.0229,success
0x0c7ef6cc4ffc60d1e6f3269ed199776bcf64740e,0x576e1f6486bcf0dfc41c6a51f76eb5d106b26ea861b64c55ccb0f0d0eb35293e,2026-06-11T15:25:33Z,swap,77.94,USDC,0.0255,success
0x8e1bd0347e011c01927c10a20c2fcec6b18edd3c,0x511ebfee127a8e3b48b5c82aa1da907df98f4861be1e1888232a75c7b6661033,2026-06-11T19:55:51Z,add_liquidity,109.32,WETH,0.0325,success
0x55ec8939f65f0509ac7a2f6f426319f622c0057b,0xe54df12534542075831668ad387a096b2d60f30d29849b41d9b59dc418c77824,2026-06-11T22:40:24Z,swap,353.46,MON,0.0369,success
0x5d177992739b76111f3f01eb4922b6d92de9e589,0x0b960cc93a817e092b7fc98483afd95d14afca6b684e696d8b410daa4df237e9,2026-06-12T02:21:09Z,swap,22.14,USDT,0.0173,success
0x608a8ed4a1f26c4ce0842731a525f9b5583223ed,0x60f28a8d911946e099793f5f0b0ca389b58271d98c399ae4bea4fc710f75120a,2026-06-12T20:40:06Z,swap,11.38,USDT,0.03,success
0x8a630aaf52f9930cb631a18a5b0ab10da8ee403d,0x81e51e7eaa48cf82474a3395bb460f6779fe78b4b2eac92fc5ea562417178004,2026-06-12T20:52:43Z,swap,340.04,WETH,0.0531,success
0x7fe5bf88570b01d1427b6730b77d5996a3441f65,0xe9117b2b6b5d0ccebd950f4fda37d4c3936af1068434044d18f3c4050344b7cf,2026-06-13T10:58:12Z,add_liquidity,1332.41,USDC,0.0177,success
0xacb3407d2b2f835f95d36bb688635b0d87459d6e,0x137081344cb292400df5af22fe684c03d4b07fa125ddaab886ae81e22a36b44b,2026-06-13T18:16:32Z,swap,2834.25,MON,0.0237,success
0xa95c2d388b385f27f96e202f126afec9a7ad1cda,0x0cbeef5291d5de24f8ca0c3c1b72e69fe351ff62e24c15cb6002fa918cb49a9c,2026-06-13T19:29:40Z,swap,1075.05,USDT,0.0404,success
0xa59e093820ebbe42dd7f0cac813c158542dbb9fc,0xf61c62c07771a407b210b46894d19f3961f10e0e00e5eca779f8e4e7d13fa7c7,2026-06-13T21:17:56Z,add_liquidity,231.82,USDC,0.0794,success
0xc059aeec32fc5b9690031bdd642377c32abefe12,0xc8cbc4a4c281dec250ca64e5448f638377db6f47cfb93811ab8f6582783eac49,2026-06-14T00:21:35Z,swap,285.3,USDC,0.0513,success
0xc526f5e10ee2fd08a34ea263d1214d428dbefd0f,0xe85cba86f1f4ead29e8e0f9a14139dad2acc0655eeb209ad3102e8f35bd9b222,2026-06-14T02:30:30Z,swap,1945.78,USDC,0.0345,success
0x9e7d010e249197bc22650b0579efecf7c9e3856a,0x545166abf70fab1fa5805e43b7bcd52776282909d8fc51c9a3c5fc8fb4a2ce23,2026-06-14T03:02:30Z,swap,265.2,WETH,0.0481,success
0xbea5aa0dbd8e3c514b0ff9ecbdb0b82b0e47c0da,0x87b2f115387a7f63f9d14ad88419697826d5b67a1f684cc456877df9375c8e06,2026-06-14T03:04:52Z,swap,402.19,USDC,0.0018,success
0x8a630aaf52f9930cb631a18a5b0ab10da8ee403d,0xe1e5bcd502df5faaa4defa8c02c01404ad2addb64fc142867c074459f6bed1a9,2026-06-14T15:16:12Z,swap,275.46,WETH,0.0019,success
0xb2a5450c8a346797b73e44dd8076e7421829f25a,0xa46bfbbbebe9ecd5875353c12eeacbd8f72e05774f57b35a5748174489949d2a,2026-06-14T17:21:10Z,swap,202.28,WETH,0.0072,success
0x102a61a0c093bf388fb4964a4fed11c23792c48a,0xe2d86a65d0ea196351f2b89d93492d327a3cffef71d64ce5c70a5f5ab76eba1f,2026-06-14T20:55:19Z,swap,370.05,WETH,0.0108,success
0x07661b7494914fbfee8026c074e5b98d5dcdbd3b,0x00418d28316f45199a5cb358f32a11041e9a3b22b15c2c0533ea9799c9cf19a7,2026-06-15T09:15:34Z,swap,49.0,MON,0.0479,success
0xb9d9e11c89a366af04b745e5f389150da2bf67c9,0x5ed51c97b524be3d62645a29e2ccd7bcc118eba1bc0cc6be9da305836bb5c520,2026-06-15T21:02:23Z,swap,390.82,WETH,0.0444,success
0x7fe5bf88570b01d1427b6730b77d5996a3441f65,0x8411a71849cca29a57ca46faf5ba49ee715d075a334fc1543fec338da1bb2cd3,2026-06-16T02:34:19Z,swap,2353.69,WETH,0.0732,success
0x0bdd40fed377b286f252cc27319809c74d9162d5,0xa31f7a28e7de062257eee6cd9b1604d8fe914fd40eb329c906ef769e57a233d4,2026-06-16T15:52:11Z,swap,152.62,USDC,0.0705,success
0x602967384044966d9305439b02fc7978828bdfc8,0x3f7927fd7d64cc3530a77eabdc9d4c2362f8c644c540881e65a9c0fe6625b253,2026-06-16T17:19:29Z,swap,186.21,MON,0.0781,success
0x05b2ceb5b0f7ff5473deca7b411492a62b556c57,0x339d6fa53ceec3328431797616080f4717a304a0ca5597f3639821c069eeba64,2026-06-16T22:32:28Z,swap,204.25,USDT,0.0634,success
0x01cab2fc714847e82a806081c94444f74d3c835f,0x13f94b7df9d85994b3792b5c0b13de8b5cfa37a23a1b8d7ecd981e56b8000363,2026-06-17T02:35:18Z,swap,101.25,USDT,0.0405,success
0x27f1da8a03635bc85b27d645e318660812662efd,0x1eb246eb949fc7fb882e1c269ecca198de6cb7096888436becd48e481a5d8451,2026-06-17T07:50:44Z,swap,147.83,WETH,0.0682,success
0xc526f5e10ee2fd08a34ea263d1214d428dbefd0f,0x6f3a64e2993b8045251aa7d409929b5f69289a4ae87987b03580ef5484b86fbd,2026-06-17T14:29:28Z,swap,1852.91,USDC,0.0748,success
0x2c966f6660a492154debc8a1406f90419b7b70aa,0xd0256b01588763724fe5f5e77635c1ee4268fd26372ef6c3e90f568af20cd3c3,2026-06-17T14:31:12Z,swap,384.8,WETH,0.0442,success
0x55ec8939f65f0509ac7a2f6f426319f622c0057b,0x29111626afb49a5142c6847e06bcf97288c0a025d80e32f6ad789d2bf4e0fd35,2026-06-17T14:34:13Z,swap,299.34,USDC,0.0587,success
0xcdb2dcd3d5a5f066abb092a59757f40ae6a7b41d,0xa3185673e8851843b3eff44071251eb2be1e4b2d26231c14d19378f54bce9ffa,2026-06-17T19:24:30Z,swap,285.73,USDC,0.0783,success
0x602967384044966d9305439b02fc7978828bdfc8,0x8e8a1cdac72922bd59138a6da72c357bef928b92d926380df7e62ef25503c40c,2026-06-17T23:58:26Z,swap,98.93,USDC,0.0262,success
0x05efb2c5902d1212f5a23df263528ab1460deff3,0xf486ae8fe0af16f292549632f94667f322500bb30e8929acbcbd7540b801a569,2026-06-18T00:33:23Z,swap,105.76,WETH,0.0366,success
0x9e7d010e249197bc22650b0579efecf7c9e3856a,0xb84a0cd449b65a49ff7b50e11355624734f1d1c4175f2ae7e192260c09219a5b,2026-06-18T01:19:04Z,swap,223.06,WETH,0.0512,success
0x38c2be83ce6cf69ea2efbe174504d0696cf3c5ae,0xdac1ba1942726f1f0cf6374fb78484b2e017bf43eed4773e838e67475eb4c9f0,2026-06-18T07:19:08Z,swap,146.33,WETH,0.037,success
0x5241046eae9fa102b3d0692008fd7c51de57d93d,0xabb7ec8b12b836565ee1e4758f607068d42311a95e65401a09d7d021988374c0,2026-06-18T19:54:59Z,swap,271.78,WETH,0.0653,success
0x38c2be83ce6cf69ea2efbe174504d0696cf3c5ae,0xaabc546a7855b57645630ee07e99324da69760d3f5e6d9f8c60c1d8fbbaf6e13,2026-06-18T23:39:49Z,swap,91.69,USDT,0.0462,success
0xd8391d6f65932df331cbd8f354f4496f1ef774d4,0x05ae1761ab5f8b0fdc9a061adc1442836e3fd064ecf64d5cdbbac9f6f0c5b61b,2026-06-19T03:30:49Z,swap,408.89,USDC,0.0028,success
0x8e1bd0347e011c01927c10a20c2fcec6b18edd3c,0xbc948d96cef57006417cdfe9de5bb2be54fe35c0541edbb76e59c9c38b90afa7,2026-06-19T15:20:30Z,swap,85.01,MON,0.0535,success
0xbea5aa0dbd8e3c514b0ff9ecbdb0b82b0e47c0da,0xd5d32269a6efe49b78719f1e7f9835ad77a15cc3c79c389b4a759de4a8da800a,2026-06-19T15:42:01Z,swap,265.12,USDT,0.0362,success
0x01cab2fc714847e82a806081c94444f74d3c835f,0xc9c2031565621a08d9dd3de4396a5e92f234b5cd0ee8cebebfe758e98320de12,2026-06-19T21:18:06Z,swap,203.49,USDC,0.0324,success
0xc7286c78ef4f55ffb242c6e7ca4d6f41da526cb2,0x5664f13acbded86e04890999079910447f85a61fda350487efb9d944c359e9b1,2026-06-19T23:41:05Z,swap,172.79,WETH,0.0375,success
0x602967384044966d9305439b02fc7978828bdfc8,0x5692e27c54ef7718d0f1ee47753d346171ef9a5fc75260f95b0f6ba2eeba1444,2026-06-20T18:04:32Z,swap,74.19,USDT,0.0121,success
0x27f1da8a03635bc85b27d645e318660812662efd,0xfe508f317b120cd664c8f08f303ac42e8372e093cf16a4e64e6b7f1ba88c1f1e,2026-06-21T06:10:32Z,swap,100.61,MON,0.0279,success
0x4d3fdfac94c7e4266bcc8097a1034004dea1e6d1,0x7e20d1d25cbe76e291fb707810598a0e507edb033f7c05a37159b3f7b0604f6b,2026-06-21T07:37:36Z,swap,1151.96,USDT,0.0363,success
0x8e1bd0347e011c01927c10a20c2fcec6b18edd3c,0x2437d0254bfd8a5d4fd181d46b2f39d41c1694542c312aa95780d9615d8ae43c,2026-06-21T17:18:09Z,swap,46.63,WETH,0.0063,success
0x01cab2fc714847e82a806081c94444f74d3c835f,0xc608e40ce88ae823963e8e9a674e9f9129cad2b8f86e529e0df7e6e2398fdb9f,2026-06-21T23:40:01Z,swap,114.69,WETH,0.0738,success
0xec18dd922cc8699b88b79f17f78ead22873a46ba,0xe3a2d2f95a8d988d9d5c62ad7aa05f93d7f9e2e5c628b785c880f885ba901fef,2026-06-22T01:58:12Z,swap,326.47,USDT,0.0298,success
0x38c2be83ce6cf69ea2efbe174504d0696cf3c5ae,0x0627d9315c06b989a8f721261f32b577c9abd4b7d74af2a5729737ff1b60c0f7,2026-06-22T02:59:18Z,swap,314.71,USDC,0.0261,success
0x7a5e1212305027c06ae45b3abe3e12f478646d09,0x96ff812c8d82a3a2bc5395cedf6e0c91a2f88e935fdf4538865c9494c0055f9d,2026-06-22T08:22:39Z,add_liquidity,46.93,USDT,0.023,success
0x0bdd40fed377b286f252cc27319809c74d9162d5,0xbb7f86b443ac9d733a55549ce7fb10dbc2eaea66805daf7f1183da11d3bfe2d5,2026-06-22T10:51:10Z,swap,79.94,MON,0.0493,success
0x8e1bd0347e011c01927c10a20c2fcec6b18edd3c,0x2727912deaca8351040348f31f875d73f5af8b71ab9c9196c53c79bfd0899712,2026-06-22T18:23:09Z,swap,32.38,USDC,0.0598,success
0x6c83efa720dd8ae402a6f1064cb2c55f2a593125,0xdbac366bf43510b2d2b148ca1a53e8e56fe41009f7898295c6327dfbd8172d63,2026-06-22T23:44:38Z,swap,160.18,USDC,0.0624,success
0x8be0b1f981bbdad10bc7f4aee8547b2483139e98,0xfa233ef1d5dcd4cb8683f24f5d8f8cba894e6c13a1c9e95a5332dd073c91cd3e,2026-06-23T08:50:26Z,swap,135.64,MON,0.0063,success
0x01cab2fc714847e82a806081c94444f74d3c835f,0xca1ab7adfeb22867f889b7e0c6f9b78350f2c746c906b68e094dfbdfa7c64829,2026-06-23T11:43:04Z,add_liquidity,148.18,WETH,0.0571,success
0x386122da023a381bc4fec365a24233dabdb85263,0x44205f45435319dba945ae27c2a94c121fe0e5fa7449fefb75bc4ea3baebfff9,2026-06-23T14:52:19Z,add_liquidity,335.58,MON,0.0732,success
0xb2a5450c8a346797b73e44dd8076e7421829f25a,0x7dad057ea87b4623f12648fac1b5bd6077d0e7b2262ab7c4edaf0f9fd619bee4,2026-06-23T19:05:20Z,swap,207.36,MON,0.0264,success
0xc7286c78ef4f55ffb242c6e7ca4d6f41da526cb2,0x5f0ced11908d1c253e24d71f7f87c103d68e250c16373dddc7c142adac83757d,2026-06-23T19:58:43Z,swap,101.65,WETH,0.0773,success
0x88fbb12771e16256942f4ea049db7d84466dde99,0x335c6afcdd3bf8360504647a6b22d894cbdc19ad9660d05a6cfe48b8ee5710f5,2026-06-23T21:07:01Z,swap,145.84,USDC,0.0101,success
0x386122da023a381bc4fec365a24233dabdb85263,0x8ca80606830a0719767733b709e6acc3fb559aac2ef3b270fdd61ba8aeae3405,2026-06-23T21:55:49Z,add_liquidity,387.61,MON,0.06,success
0xcde5dfb801266140fcb5798fc55e86de3500e3f7,0x1ad41b9038cc4e8f70fffe77454d3bef732f2f2234d386dadea57af1054d4db2,2026-06-23T22:28:50Z,remove_liquidity,328.09,WETH,0.003,success
0xc67fe7aeff8067aff781fc6becbf72c3c0106486,0x460d8c9afb26071311ac3e80f270140b8ca363061301b04674306f0660fefd1d,2026-06-23T23:50:55Z,swap,46.2,MON,0.002,success
0x4d3fdfac94c7e4266bcc8097a1034004dea1e6d1,0x64acfa5d9d08dc5615791239f867f15d7b3c44f60b35ffde1a7e27ade0e461ea,2026-06-24T00:20:19Z,swap,1324.06,USDC,0.0217,success
0xb2a5450c8a346797b73e44dd8076e7421829f25a,0x5525fbe68344a2615ef6edec46565b396732aee9d84408a1c0f057a526d767f1,2026-06-24T00:49:25Z,swap,168.62,MON,0.0362,success
0xb2a5450c8a346797b73e44dd8076e7421829f25a,0x38ea14ab2dcf8540ac83f164d39f3576e20366431f66f0bc550d5ef22b82106f,2026-06-24T03:02:15Z,swap,49.99,WETH,0.0288,success
0xec18dd922cc8699b88b79f17f78ead22873a46ba,0x40183eab7bcb99397fb58dd4a2db95334eb09a3f701e2e46d5a2bbea45a974b0,2026-06-24T03:42:49Z,swap,272.41,MON,0.0502,success
0x07661b7494914fbfee8026c074e5b98d5dcdbd3b,0x53d751b602826e5c35c332667d0e6e3c607fa7cbff31c8106b6378b5339b7601,2026-06-24T04:42:39Z,swap,132.33,WETH,0.057,success
0x07661b7494914fbfee8026c074e5b98d5dcdbd3b,0x9811007302c97fbb1b0b053d40017b3211f16470ad688179c92ab6357c73400f,2026-06-24T11:36:09Z,swap,205.78,MON,0.0272,success
0x8e1bd0347e011c01927c10a20c2fcec6b18edd3c,0x17e804cb07d5e251f7dfb515e0dc7cc57f6774cfec7300e3d53bcaea17dd637d,2026-06-24T13:02:56Z,swap,41.23,USDC,0.0473,success
0x19c29f8fd75beae144bbbac909ccf21a8aace7fa,0x65408738d7b22008cafbf9e8c009ef4559cebec861652d89f3181b6948209829,2026-06-24T15:06:49Z,add_liquidity,48.65,USDC,0.005,success
0x13ba80f1b49a7d5ae543af57699f8aa9dbd8c723,0xd05fcff7f409d0f1929c0e870183f06d4d0749f7e0db46b8523852129feae43b,2026-06-24T17:26:41Z,swap,156.35,MON,0.0305,success
0x18443d15dc82fc8a5f75b851c484f132fd79b815,0x440906674426a9709ade81e62a67f9305e0200459c961fe2b3b96f8449f0b845,2026-06-24T17:45:42Z,swap,1249.72,USDT,0.0606,success
0x9784c0f870289ddd8e0fee8e0273ce813a88929a,0xb2c5766aa15547453e37f4ebd5f299d7f1888a8af84bc2605de2e1f14279fad6,2026-06-24T19:29:14Z,add_liquidity,379.84,USDC,0.0588,success
0xda050b8338555c50b798e61c794c01481c7bf024,0xcfbe61725ca1c88b39de609ef952122333d40714031dec32677e6e4b898c4366,2026-06-24T20:08:15Z,swap,343.51,USDC,0.048,success
0x19c29f8fd75beae144bbbac909ccf21a8aace7fa,0x9c5bf4bffd1f7ce7f1542ff395c6ae04c9e58be1d809830ddc7e518ebf403445,2026-06-24T22:37:06Z,remove_liquidity,337.69,USDC,0.0742,success
0xda050b8338555c50b798e61c794c01481c7bf024,0xc1d3f153ffd628c32f93ffe81e2b2d272e2c7fc1aab15134fb7ae9d339657ea1,2026-06-24T23:01:13Z,swap,109.38,USDC,0.0754,success
0xa95c2d388b385f27f96e202f126afec9a7ad1cda,0x8e6bd03ed5b3f3343ca73fccf813ef384b6c8ebb5733dc5f73ae9621bafe6fe8,2026-06-24T23:37:48Z,swap,2212.12,MON,0.0613,success
0xb2a5450c8a346797b73e44dd8076e7421829f25a,0xb5412c0386dbed56fc15de0a9d64175f82c5b202205e85e11ed2f91b3721c234,2026-06-25T01:31:01Z,swap,218.81,MON,0.0496,success
0x693a5c27576625f41accfb0f9bedfa6d35a03fce,0xf5811318c0299179d37f0d28dd8e9b8973ee65280fc20391282363ad18995445,2026-06-25T01:39:10Z,swap,116.41,USDT,0.0686,success
0x8e1bd0347e011c01927c10a20c2fcec6b18edd3c,0x4eee6175bf8473d0a01650dd0f99a677a0edd91435cc59e899a6492fef130b07,2026-06-25T02:03:00Z,swap,89.12,USDC,0.0335,success
0x05efb2c5902d1212f5a23df263528ab1460deff3,0x768b9c38048e1c02a1ca02e3e545dbf584d0afac960e60bdaca03db983f5a072,2026-06-25T04:07:49Z,swap,346.86,WETH,0.0251,success
0x13ba80f1b49a7d5ae543af57699f8aa9dbd8c723,0xf9298107a39bc97624a9619e689387fb0270a6a013acbb6bdad090600adfb1ed,2026-06-25T07:33:32Z,swap,108.1,MON,0.0546,success
0x102a61a0c093bf388fb4964a4fed11c23792c48a,0x8310ed4cbc423b4961f2b7f245d0c2d42f873b6342b1629a927048a5eb843a73,2026-06-25T10:55:48Z,swap,285.9,MON,0.0405,success
0x0bdd40fed377b286f252cc27319809c74d9162d5,0x3eb770be0d0b5521a083a0a7ec25ad59e5598ecbc7cd2540978e5eb1a8f41265,2026-06-25T12:31:06Z,remove_liquidity,268.51,USDC,0.0538,success
0xec41e444083a04cce747e04c99a762aaa18d21ab,0x23bfd17ed01f883e50b09cde23dec182361cf9f7d670250dd04dc16bb44fce88,2026-06-25T14:16:35Z,swap,128.57,MON,0.0448,success
0x05efb2c5902d1212f5a23df263528ab1460deff3,0x6506bda4bc1600507388b8651acc31de1021b27fe49a33dc5141e082f4e420fd,2026-06-25T14:18:42Z,swap,251.66,USDC,0.0759,success
0x3be2729c3ae93bbd36c0da386a9580d865b0280c,0x1908693b1e7e24489b87435d3234b2c3cc26b7efc2d04db31c88d7655b2969ab,2026-06-25T15:10:51Z,swap,184.91,USDC,0.0611,success
0x5e40eb29e7a8a667a8cb0a0a44ff37e5273510c6,0x358960d56379da9bfaa4ae60a16e833d8b5882ac141f14bdb37d76e02e832768,2026-06-25T16:31:31Z,swap,1218.11,MON,0.052,success
0xc7286c78ef4f55ffb242c6e7ca4d6f41da526cb2,0x22e1313aa1c08a20a5ba3c3a23911107eab806aedff2b60c1c4db8bf6404c115,2026-06-25T17:54:12Z,swap,202.3,USDT,0.07,success
0x5890975cb27701f68e54bc3931fc2111b05d2058,0x06298d38b94b7e6508aa3d37ec9d95caf19b8d15a4d338fb6aa10dcdc7dc430b,2026-06-25T20:00:16Z,swap,273.4,WETH,0.0722,success
0x7fe5bf88570b01d1427b6730b77d5996a3441f65,0xafce34f9a7878e9711e7b7aa202bc4f0d5d4003d2fdc7ebd7245b9ccd53cdc5c,2026-06-25T20:07:24Z,swap,2259.42,WETH,0.0733,success
0x8be0b1f981bbdad10bc7f4aee8547b2483139e98,0x6e76a65e933e54d466982f76178440b97e78fe9153a27574f8b0f30ce2966d1b,2026-06-25T23:04:37Z,swap,131.76,USDC,0.0318,success
0x27f1da8a03635bc85b27d645e318660812662efd,0xc18ba301e2ea903851ce0aabe81bfb837c0e005e6ac58de0eff161e226f585ea,2026-06-26T04:58:09Z,add_liquidity,286.45,MON,0.0449,success
0x01cab2fc714847e82a806081c94444f74d3c835f,0xa1ee3a12b455873f33e208c39145996759a86031c7ba3075de699a67bdd3ddd5,2026-06-26T10:54:18Z,swap,37.64,USDC,0.0773,success
0x602967384044966d9305439b02fc7978828bdfc8,0x0571a3638bb7fd4ad6bfca63eb51e4efda55d881f2f03a08216ecc1de2f689cc,2026-06-26T12:51:06Z,swap,236.89,WETH,0.0206,success
0x386122da023a381bc4fec365a24233dabdb85263,0x17f102fb1fea55a0da0932ecfece34e4b31f315cbac02b64cf34579be7555754,2026-06-26T17:12:14Z,swap,63.76,USDC,0.0121,success
0x19c29f8fd75beae144bbbac909ccf21a8aace7fa,0x2348584e75943c94493e16f593408f2a41dd9ab9dbb97fd0679e2f0a92848a5b,2026-06-26T18:39:53Z,swap,83.2,WETH,0.039,success
0x8be0b1f981bbdad10bc7f4aee8547b2483139e98,0x64adcd1e852a2564b1b221111754c31a8fc6f38a296e906647a93a4a87809bf9,2026-06-26T19:26:23Z,swap,162.56,MON,0.021,success
0xc7286c78ef4f55ffb242c6e7ca4d6f41da526cb2,0x87371860046464aa09849b2748f89bf11c500baaed6a3b44254efe40b757db19,2026-06-26T21:50:14Z,swap,125.34,MON,0.0448,success
0x9784c0f870289ddd8e0fee8e0273ce813a88929a,0xbc56177908343b5f7f6c144fe57527ed03b663facecde9570e5b0cc99ad0691a,2026-06-27T10:20:06Z,swap,391.63,USDT,0.0111,success
0x4d3fdfac94c7e4266bcc8097a1034004dea1e6d1,0x119f09c6938f0444418ae9f8926865ff7c5e4d4ba4f23c9528809b964513b5a1,2026-06-27T11:28:05Z,swap,1090.76,USDC,0.0378,success
0x8e1bd0347e011c01927c10a20c2fcec6b18edd3c,0xe1f9c334f23027d607cc067d00928f65b56fa0e0414aa867d3044c7ae6f489fe,2026-06-27T12:24:38Z,add_liquidity,235.87,WETH,0.0696,success
0x05efb2c5902d1212f5a23df263528ab1460deff3,0x98b86e9e654944708654a575017f3fef523bec1b8b3db67178219514bba20581,2026-06-27T12:55:15Z,swap,100.19,USDC,0.0134,success
0x693a5c27576625f41accfb0f9bedfa6d35a03fce,0x292f6923d7faaa881eb52465654b43eb92a9224383926ed6c44360284a545076,2026-06-27T15:56:13Z,swap,174.56,MON,0.0058,success
0xdb453a9f6d789f4e94c2ec86249de78d07d34019,0xf9012635fba054518c60b09acfd571ce6537d82cf6a5dfa29d833479c9a9a6ba,2026-06-27T19:17:27Z,swap,222.97,MON,0.0046,success
0xec41e444083a04cce747e04c99a762aaa18d21ab,0x36e188fb4590e80a2ae0e4a29643f0972c374f6ee09e786c3af32505219b3d23,2026-06-27T22:52:57Z,swap,202.88,USDT,0.0493,success
0x6c83efa720dd8ae402a6f1064cb2c55f2a593125,0x2c741691726d692a15ef574914858b4327f046d26306b34b50e302e9af8ed703,2026-06-28T03:03:28Z,swap,138.19,USDC,0.0744,success
0x8e1bd0347e011c01927c10a20c2fcec6b18edd3c,0x8e2c5cffb90d7a27c176babfe3289924f8f50876ae1443f0a3a955fe792efa90,2026-06-28T03:41:02Z,swap,242.42,MON,0.0288,success
0x1f4cb4a707a29ea6c1f848ca401534a9e3a589c1,0xb83d5e83a24b77a451c11df00b112df0e82343374884538f4ceb874cc5fd0355,2026-06-28T08:38:28Z,remove_liquidity,366.91,WETH,0.0758,success
0xec41e444083a04cce747e04c99a762aaa18d21ab,0x43d425b576cd785ee4102d90ac0b9d5b55868cf3dbfb620a50c076309ff4fbfe,2026-06-28T14:08:05Z,swap,84.23,WETH,0.0425,success
0x386122da023a381bc4fec365a24233dabdb85263,0xacb7f74d3fe42e8199e6848b87593a03240c69ad96316a36289c0431d012db10,2026-06-28T15:21:32Z,remove_liquidity,346.85,WETH,0.0774,success
0x693a5c27576625f41accfb0f9bedfa6d35a03fce,0x8cafaa91353df88e69bc8c2842ac9c4198a88e9dcc61bd10e5d5d77580dc47b7,2026-06-28T18:51:06Z,swap,242.37,WETH,0.0082,success
0x13ba80f1b49a7d5ae543af57699f8aa9dbd8c723,0xc2ac0beb737c105962ba477d20ccf0a6c4af6bab9a6f1f52c9e57d396cc4beb8,2026-06-29T07:52:40Z,swap,161.41,MON,0.0062,success
0x6c83efa720dd8ae402a6f1064cb2c55f2a593125,0xc01ce8949d7dc07d526aba40bf09e480263483546c44e6be69f72287281e86cd,2026-06-29T09:32:16Z,swap,365.05,WETH,0.0323,success
0x602967384044966d9305439b02fc7978828bdfc8,0x9d88bbde64f3ad3b8feb5f0d598839f85772b6bfcf0b76cbc4c24c4be617f855,2026-06-29T11:38:56Z,add_liquidity,48.33,MON,0.0748,success
0x3be2729c3ae93bbd36c0da386a9580d865b0280c,0xdd89fbcc60b8b04a88f27e83247c43fa416b1f9e0e63ac20fe61ff53a570ba34,2026-06-29T11:50:36Z,swap,58.19,USDT,0.0558,success
0x01cab2fc714847e82a806081c94444f74d3c835f,0xe9ed356dafd67611c1600fcff3d78a63be82ea84da862d8f428328fd6f53a8dd,2026-06-29T15:23:41Z,swap,237.43,WETH,0.0667,success
0x1ec2d58d2f11c0de95e193de56b77356a6756410,0x0aff298f7797fb3bb16d59fd606d8e966758188dc30c8e8f78fb2e31244b4893,2026-06-29T17:25:55Z,swap,109.11,MON,0.0263,success
0xa61ac63be26adcc60b2343c96223e08995dd00d4,0xf014d94a4af61729667beead11d491440b433a6178d1909a267b98041a7cd46d,2026-06-30T02:36:44Z,swap,62.09,MON,0.0423,success
0x602967384044966d9305439b02fc7978828bdfc8,0x1bd2960f5b97522980db1603dec530f0ba118c89db0c128ff419a615cd143fce,2026-06-30T04:28:29Z,swap,55.56,USDT,0.0404,success
0x84ba5f51a36a6f11a13769636e18c911007ab107,0x510343a8fc38f2b26431d5bd4e90b9116d2d66a9c77a76eed27e933e4d495f17,2026-06-30T05:42:16Z,swap,29.28,USDT,0.0787,success
0x602967384044966d9305439b02fc7978828bdfc8,0xfc48140163ff9de974153beb044366fe9420756ef4ee84ae2beb665abde755ed,2026-06-30T07:27:46Z,swap,129.7,MON,0.0403,success
0x8e1bd0347e011c01927c10a20c2fcec6b18edd3c,0x36cf8606aee5ddafe3e658414dc4d09901dc25fcaa10a2479468c47059aaa05e,2026-06-30T11:00:40Z,swap,61.06,WETH,0.0187,success
0x5890975cb27701f68e54bc3931fc2111b05d2058,0x9b0c18e278d359da6ae3163ece3ea9c790523e19de28b1278be7e40bc6579c85,2026-06-30T11:58:13Z,swap,80.03,WETH,0.0757,success
0x5241046eae9fa102b3d0692008fd7c51de57d93d,0x54fa2fde4e5f1d7f58618e60432fecf8f9b9419d9d52a7d63c844f8f99173275,2026-06-30T19:26:59Z,swap,192.83,MON,0.0209,success
0xdb453a9f6d789f4e94c2ec86249de78d07d34019,0x2e316fef94bca4b7a5fc431abae12a28f21153c95a8d523d7d0895ed8f14683b,2026-06-30T23:42:53Z,swap,131.01,USDT,0.0514,success
0xec18dd922cc8699b88b79f17f78ead22873a46ba,0x15f78235062ab0cab28d828445c59aef111bfd6ffaaff0bb35912f2fb5b13da8,2026-07-01T05:27:27Z,swap,67.36,MON,0.0411,success
0xdb453a9f6d789f4e94c2ec86249de78d07d34019,0x651498d52867e9c368484426c218701bd6679c4808b00ccedd83a658654545d7,2026-07-01T07:09:40Z,swap,58.98,USDC,0.0464,success
0x07661b7494914fbfee8026c074e5b98d5dcdbd3b,0x697f6616539e7301ea576d75f50211f04b0e8df6e949806a137a67acb5df22d2,2026-07-01T10:47:22Z,swap,109.97,MON,0.0639,success
0x102a61a0c093bf388fb4964a4fed11c23792c48a,0x69899adabd512192f348d60e7560d5d8abda7e2ff5b8076a76cdb82b409501b2,2026-07-01T14:28:32Z,swap,50.57,USDC,0.0713,success
0xb2a5450c8a346797b73e44dd8076e7421829f25a,0xdfec9860a10e9f31e21aa7c8345b7cf319a796ca1396307642c9cc21500f7892,2026-07-01T16:23:56Z,swap,163.47,USDC,0.0069,success
0xec41e444083a04cce747e04c99a762aaa18d21ab,0x7b3b9f96a5d4a68a132aaee5feda0eb43c5cd825636ccea4494007c1ff490f68,2026-07-01T17:13:27Z,swap,207.6,USDC,0.0109,success
0xb2a5450c8a346797b73e44dd8076e7421829f25a,0x36718625463541030e6d020c173d339ee6e3f9bbaac083c49c8a90913137c316,2026-07-01T18:52:12Z,swap,97.19,USDT,0.0763,success
0xee675121aaddb58f8599bfa74ccb31d708c424d5,0x81cfc30c9b8a136b1c38b3769bb3f70e54e15cc36ba93c6bdc2bbdcb79db6928,2026-07-01T21:12:28Z,swap,392.32,USDT,0.0596,success
0xee675121aaddb58f8599bfa74ccb31d708c424d5,0x2885be863f55e95e5852ec5fd61e5062300f47407d0f0260c68902c5181aa49d,2026-07-02T05:24:03Z,swap,182.52,USDC,0.0098,success
0x84ba5f51a36a6f11a13769636e18c911007ab107,0xac45e691f62b48088c4f3a12ac187bec170c12159b460a553b664cb7d33e9275,2026-07-02T08:58:47Z,swap,312.03,WETH,0.0337,success
0xec41e444083a04cce747e04c99a762aaa18d21ab,0xa4b32c7d5ba7ba394b35dce0616ce2acff87741c8770a230845e46768907f19d,2026-07-02T09:59:32Z,swap,27.8,WETH,0.0547,success
0x01cab2fc714847e82a806081c94444f74d3c835f,0x5a60f43b1407db4395f70dbdf1dbce7ee95bf3ff6a07b6ad23cfd89154851781,2026-07-02T10:38:51Z,add_liquidity,31.15,USDC,0.0202,success
0x7a5e1212305027c06ae45b3abe3e12f478646d09,0xec5b6915b8ce573e6dbeab0f6bf6efd7fd7a8c98f5ac966eeae34cf3e61dce6a,2026-07-02T16:34:17Z,swap,224.91,WETH,0.0202,success
0xb1a57c0d06e645a48144ff58785f94a4fc75c024,0xee786386a4e82237e8df346e8ee2a2f064a9f1aeba020a73ee86ee168b5b6f40,2026-07-02T16:56:45Z,swap,195.45,USDC,0.0216,success
0x693a5c27576625f41accfb0f9bedfa6d35a03fce,0xab1562b4c1f5dbac76a4a4b2b692f7fb31c06233fb429657ec1985e5482c5d9c,2026-07-02T17:54:40Z,swap,163.48,USDC,0.005,success
0x88fbb12771e16256942f4ea049db7d84466dde99,0x9200ae4d30b1a5630d0c47e13417a0ebc1bf8dccfc69f49758fb169e77e15350,2026-07-02T19:09:13Z,remove_liquidity,87.86,MON,0.004,success
0x23c16caced4eaed845b71bd6409e3a7c80fea5ee,0x75b217a0199296053b0f3b99ae7b6014cc68da5b53bf7062bc5d4412c87c7d12,2026-07-02T20:55:33Z,swap,33.12,WETH,0.0102,success
0x8be0b1f981bbdad10bc7f4aee8547b2483139e98,0xbf8c16f046793639d4e59cd3ba781b3eb216aa04347fee30e164d965794d837c,2026-07-02T21:36:22Z,swap,199.24,MON,0.02,success
0x102a61a0c093bf388fb4964a4fed11c23792c48a,0x408e1a3790e8b0e8f844fdc60d565557b21bf654a66ac3243d601e62bc9c7dcd,2026-07-03T07:57:29Z,swap,249.41,USDC,0.0082,success
0x8e1bd0347e011c01927c10a20c2fcec6b18edd3c,0x473cf7a1b0c6cf4cd8658a68668181e6b7022221c9a0cb054613eb6f406c56dd,2026-07-03T13:12:36Z,swap,212.89,MON,0.0101,success
0x6c83efa720dd8ae402a6f1064cb2c55f2a593125,0x3c2e92c1c73511a8a43f901387a8d1d8662fcaf04bb118b03c4f0c6e77451908,2026-07-03T13:55:29Z,swap,48.88,USDT,0.0091,success
0x9784c0f870289ddd8e0fee8e0273ce813a88929a,0xd99ca0efc7ce658445280169d42390e8b9c8272dbaf2aa5aa01d91194e33c661,2026-07-03T14:58:54Z,swap,228.93,MON,0.0427,success
0x5890975cb27701f68e54bc3931fc2111b05d2058,0xc6405e062439a7c9ff3c2e697267337bb860aae8c9ff92b816daea60be3cdda9,2026-07-03T16:35:12Z,remove_liquidity,133.68,WETH,0.0555,success
0x9784c0f870289ddd8e0fee8e0273ce813a88929a,0xe271d3fa98a86ed304bdd859bb57901f2ca8a306e664caca9280485c67aa5195,2026-07-03T16:38:07Z,swap,386.46,USDT,0.0573,success
0x27f1da8a03635bc85b27d645e318660812662efd,0xfd9f7ea7cadbbe2f23a3a73d873cd5975329414cafa203ae9514066af62bf265,2026-07-03T20:07:16Z,swap,92.6,USDT,0.0579,success
0x18443d15dc82fc8a5f75b851c484f132fd79b815,0x699a52c387a5fb8c010aa227ad31eef96e5f436d210b5ec91235a907b3494b17,2026-07-03T21:35:07Z,swap,2623.35,MON,0.0687,success
0x27f1da8a03635bc85b27d645e318660812662efd,0x31fd0f93f2acf16a975fcaf059ab1ad4e35dc374742a1c8686e6fad22fad0158,2026-07-03T22:01:20Z,swap,308.1,WETH,0.052,success
0xec18dd922cc8699b88b79f17f78ead22873a46ba,0xa12b22fb6b3eb032c9956fe47057d5d28cc1823515697b6ccf69777b81e30ab5,2026-07-04T08:46:22Z,swap,143.95,MON,0.0448,success
0x5e40eb29e7a8a667a8cb0a0a44ff37e5273510c6,0x9cab61381e9ed536110aac7f8125aeb1fcb687a959b709f61f71b8ce78418e43,2026-07-04T13:25:28Z,add_liquidity,723.65,USDT,0.0433,success
0x33ecf44ef03e211d901c431d7361d6e80e172c0a,0x13973f5f24a95815e7096081124ed3357e6f9f49caa85c6c7af3542938776acc,2026-07-04T14:36:06Z,swap,79.31,USDT,0.0401,success
0xec41e444083a04cce747e04c99a762aaa18d21ab,0x7e55bec95b10edcb411943e66673b84741fafb804964d55366619b84352e8a5e,2026-07-04T15:15:33Z,swap,220.71,USDT,0.0617,success
0xa95c2d388b385f27f96e202f126afec9a7ad1cda,0x508ea4bd4846bde53c95ce0f5de28e790fe9ce64c9064830647ce4305bc8592d,2026-07-04T16:44:27Z,swap,2308.89,WETH,0.0374,success
0xec41e444083a04cce747e04c99a762aaa18d21ab,0x726c8f876519008aab993c23b7d8de31df832eec549047062f3865a7a2e284c0,2026-07-04T16:59:29Z,swap,130.69,USDC,0.0667,success
0xacb3407d2b2f835f95d36bb688635b0d87459d6e,0x32c941f7ad7f0de164133ca7721ee6a495e26e7ea4606e681b971b946f0df6bf,2026-07-04T20:00:14Z,swap,1857.98,WETH,0.0657,success
0x102a61a0c093bf388fb4964a4fed11c23792c48a,0x8035daa00e7eb7e45cdde29d2b16faded62cdc54dfc3369ac905ef5386cea841,2026-07-04T20:13:41Z,remove_liquidity,337.66,USDC,0.08,success
0x3be2729c3ae93bbd36c0da386a9580d865b0280c,0x1ebc291b89ea5aede68fb53351feae15b2c2f5c1dafffc575f232b666b343f78,2026-07-04T20:46:25Z,add_liquidity,37.48,USDC,0.0242,success
0x8e1bd0347e011c01927c10a20c2fcec6b18edd3c,0x178bdab352c3d5e30a91e82a7c670eb9d382060e693eedf3beddaca5a4fe70f8,2026-07-04T21:10:31Z,swap,64.28,WETH,0.0678,success
0x38c2be83ce6cf69ea2efbe174504d0696cf3c5ae,0xb69916aac2059b969c6b2b309fa797757a6bc985217c4edef60ee73c33198a4f,2026-07-04T23:16:42Z,swap,367.1,WETH,0.0315,success
0x13ba80f1b49a7d5ae543af57699f8aa9dbd8c723,0x1497e01aa76a90b429cf514e5ca30497dc4f9963a1270c1aeb7b17934745fe93,2026-07-05T08:01:03Z,swap,172.81,MON,0.0209,success
0x5241046eae9fa102b3d0692008fd7c51de57d93d,0x3648e5fb8c330828ec126ee01811db45018c1dd096f74e21d0a453acfb75b362,2026-07-05T12:04:32Z,swap,313.57,USDC,0.053,success
0x4d3fdfac94c7e4266bcc8097a1034004dea1e6d1,0xd275b9505c914649c40efe69efed5b27a1541a033fdc131c024d74db737e0032,2026-07-05T12:35:47Z,swap,2215.18,MON,0.0555,success
0x27f1da8a03635bc85b27d645e318660812662efd,0x7c41a332153e7a2b25010d72a95f61def652c3645a3b31282415db7e6ea0d0f2,2026-07-05T12:58:28Z,swap,321.31,USDC,0.0242,success
0xee675121aaddb58f8599bfa74ccb31d708c424d5,0xc0fca1d4010c41f11898bad8610fa8c9ebd592778cb40c5ceca5a0c06309fd14,2026-07-05T16:16:10Z,add_liquidity,282.59,USDT,0.0441,success
0x38c2be83ce6cf69ea2efbe174504d0696cf3c5ae,0xb42229b5ba72bd1a52461eb300b3206479417c93477d67aa3aa1dec055f7ed91,2026-07-05T17:31:51Z,swap,331.88,USDT,0.0401,success
0xec41e444083a04cce747e04c99a762aaa18d21ab,0x801b280623cbf809be993fdb0722e3eaf1485e19c38d05f84551dc040197ecb4,2026-07-05T20:43:15Z,swap,82.99,USDT,0.0265,success
0x1f4cb4a707a29ea6c1f848ca401534a9e3a589c1,0x76b9e744d7c0ac25e6be967c59256510ae6eebea224b5d0fc1937f89e8448f3a,2026-07-05T23:34:40Z,swap,78.51,MON,0.0412,success
0x07661b7494914fbfee8026c074e5b98d5dcdbd3b,0x107a1dd9a8a8f1de578eb631a6cb4c2139b5e0aa980326e024fc705d219fff07,2026-07-06T00:14:42Z,swap,175.13,USDC,0.0482,success
0x5d3d604cc7cdf00ee9acd473c124875337dd6bbf,0x767de04f3ff1cd6e56eef8ce78927e165076e18f3f7b7426d12afbbd5231d2d4,2026-07-06T01:15:11Z,swap,1760.53,MON,0.0162,success
0xb2a5450c8a346797b73e44dd8076e7421829f25a,0x5f6a20f827e73391a48d447d8a1090732eae538d297a0d0dff7a3d65f4602654,2026-07-06T05:53:06Z,swap,155.82,WETH,0.0037,success
0xc7286c78ef4f55ffb242c6e7ca4d6f41da526cb2,0x2becbd542ac89af57d09e0c72c7c93dea34dfb2293bdf65e4147255a4f001fb3,2026-07-06T08:37:20Z,swap,213.01,USDC,0.0235,success
0x693a5c27576625f41accfb0f9bedfa6d35a03fce,0xca259b8d61cc4a9b055f535ad3e8b94c2b5d313c0ce7e9b774c793a49d7f73ab,2026-07-06T16:04:36Z,swap,247.32,USDT,0.0064,success
0x13ba80f1b49a7d5ae543af57699f8aa9dbd8c723,0xf4dd16bdeaa59e321837100ba356e2a1314bc320d933bf118672d7f16bfab0db,2026-07-06T16:48:39Z,add_liquidity,241.46,USDT,0.0273,success
0x9784c0f870289ddd8e0fee8e0273ce813a88929a,0x6cd3341fa43ebd9fe4c89c79b369e7d851ead36d4eef6dd1042e7dd41f9dd1b9,2026-07-06T22:16:46Z,swap,275.24,MON,0.0356,success
0x386122da023a381bc4fec365a24233dabdb85263,0xfb5a80e17079184300eac3df15b75b4c6d97dd6f529bee986ae3bdeace29f453,2026-07-06T23:55:57Z,swap,158.99,WETH,0.0021,success
0xfd52e07197608598ab46cb60ad117cfdee1f02a2,0x6cb5c6999670f85683e4a281c1f0cc2761534536101eb9fa67da144e18aa2430,2026-07-07T00:19:08Z,swap,108.55,USDT,0.0129,success
0xb2a5450c8a346797b73e44dd8076e7421829f25a,0xdc08f4890b31d013a47d5283352089a7f5d913d3529deea4c58020a6e2a95835,2026-07-07T01:15:51Z,swap,196.84,MON,0.0296,success
0x4434aecf551978ee0f3c0a8b612e9913c990906e,0xa0aa4df2b040308bdd08a4fe81d1ce19ce3a8044058a7bd5107722790f484380,2026-07-07T01:59:12Z,swap,10.06,USDC,0.0203,success
0x01cab2fc714847e82a806081c94444f74d3c835f,0x51c0c539dff7c1282b8e609059c4cc427783ecb96b619066ff6049f7652a53b3,2026-07-07T03:05:00Z,swap,135.75,WETH,0.0698,success
0xda050b8338555c50b798e61c794c01481c7bf024,0xcb9f65763e3eb929ec95a2b967cf5a1e2b9ee603d85d7ef309322e2e1186e5ab,2026-07-07T05:22:32Z,swap,239.99,USDC,0.0499,success
0xa95c2d388b385f27f96e202f126afec9a7ad1cda,0xce0d72808024ada88537affee7ce06ba6e81620a921621202f4cc137886a013b,2026-07-07T07:04:40Z,swap,1380.44,USDT,0.0579,success
0xb2a5450c8a346797b73e44dd8076e7421829f25a,0xbab28c97d6386e9b0b7c29bb0dfd8c54537185adda2613b5c6df7ddc4ddb9f7f,2026-07-07T07:41:43Z,add_liquidity,17.77,USDT,0.0546,success
0xfd52e07197608598ab46cb60ad117cfdee1f02a2,0x7b307c463635b1511b876ad183b7c7da3f986b478d544fc28461fcded1d329ea,2026-07-07T07:56:42Z,add_liquidity,7.75,MON,0.0512,success
0x0bdd40fed377b286f252cc27319809c74d9162d5,0xc1e3027f972ec2afb8fa05d0bd676b6797a5f501236820dc7397ea90dd8f320a,2026-07-07T08:22:22Z,swap,374.07,USDC,0.0752,success
0x8be0b1f981bbdad10bc7f4aee8547b2483139e98,0x191fd6ed39dc843bd6f353c3b60d875aad3ae1cb1b3e50d0201a5d20c94a0747,2026-07-07T11:17:40Z,swap,34.88,MON,0.0115,success
0x27f1da8a03635bc85b27d645e318660812662efd,0xdbfd2373d9ebdd89f7fad57d4c4c0c37a3c4423f9297022d7d21d575cbd4735a,2026-07-07T15:30:42Z,swap,112.46,MON,0.0384,success
0x8e1bd0347e011c01927c10a20c2fcec6b18edd3c,0x969b287394c6c2be55b7fb663cae6f10d844748852806901eb6a7eb017f11005,2026-07-07T17:13:14Z,remove_liquidity,206.42,USDC,0.0491,success
0x693a5c27576625f41accfb0f9bedfa6d35a03fce,0x8cb39469fbfbaa9aefbe1a6981be1eba47f45ac5e6083ea90f3e18cd66d810d7,2026-07-07T22:09:17Z,swap,59.72,USDT,0.0652,success
0x8be0b1f981bbdad10bc7f4aee8547b2483139e98,0x29bb355bf8a7f0079d202598313745efaf98529ae610f7d34dea1bcd665c8bd2,2026-07-08T06:38:28Z,swap,91.25,USDT,0.0666,success
0x38c2be83ce6cf69ea2efbe174504d0696cf3c5ae,0xded93a9dca6b01f6fe4f6b8f7b2c98a2449a6326aab379b5c2f4063fe3f7c96a,2026-07-08T11:58:59Z,swap,210.87,MON,0.0697,success
0x5d3d604cc7cdf00ee9acd473c124875337dd6bbf,0xfbbdfced805e4891f18e5760db913868ffefd23a68ff26d6487ee3e7b99ffc78,2026-07-08T12:04:51Z,swap,906.24,WETH,0.0522,success
0x01cab2fc714847e82a806081c94444f74d3c835f,0x7c82b1630e91fb7c15be0694f37fcdb1f9ab42e05103c6ca4845e2276fd2a036,2026-07-08T13:10:20Z,swap,63.18,USDT,0.007,success
0xee675121aaddb58f8599bfa74ccb31d708c424d5,0x66312b7ec15d643c90897d77b8f06c56e4b2b59898ac19dc2c1be8924b826b94,2026-07-08T15:29:03Z,swap,241.35,USDT,0.035,success
0xb45eb8e417170a84f2857cef2872becc9eec0279,0x328decce3dcc92d081cf452a23138aa967dd548b8b6ff6e74b69f9c0f9fa4f95,2026-07-08T19:20:31Z,swap,87.94,MON,0.0625,success
0xc67fe7aeff8067aff781fc6becbf72c3c0106486,0x3fb8274980fff63210de4591cf3f7b0f63018db3235b72c892356e4bfef16581,2026-07-08T20:31:17Z,swap,206.28,WETH,0.0769,success
0x13ba80f1b49a7d5ae543af57699f8aa9dbd8c723,0x5dd21122eb350d649e9c36ec8faf2d2c9a601ae1e3b51837fb9683c0bb0f94e1,2026-07-09T02:02:31Z,swap,43.94,MON,0.0255,success
0xcde5dfb801266140fcb5798fc55e86de3500e3f7,0x4e13782fad88fec73a4f19ec558f0378ef5964d07e5afd74a61c7aa35691cf26,2026-07-09T08:52:39Z,swap,146.23,WETH,0.0644,success
0xcdb2dcd3d5a5f066abb092a59757f40ae6a7b41d,0x186ce2458a220c7499a87c9a140e1d4b017b9db4ca4dbf450168da8f0cd62840,2026-07-09T10:13:02Z,swap,124.3,USDC,0.0729,success
0x07661b7494914fbfee8026c074e5b98d5dcdbd3b,0x85b490e2aa82d38adb8d007ff59fb6d523c425bcf9034c624387e6358fa29cfe,2026-07-09T14:22:13Z,swap,167.34,USDT,0.058,success
0x9784c0f870289ddd8e0fee8e0273ce813a88929a,0x549f7e86a9d4e9979d8bdac3c788d68e645e8e7faa74f37290e588edf2f8625d,2026-07-09T14:54:10Z,swap,65.98,USDT,0.0061,success
0xcde5dfb801266140fcb5798fc55e86de3500e3f7,0x7643de33468ab8efd7098eb099b8d0022acdc99c36ae4f7809a5bd168bc69d2f,2026-07-09T16:50:58Z,add_liquidity,328.08,MON,0.0136,success
0x07661b7494914fbfee8026c074e5b98d5dcdbd3b,0xe47fce2af200efbe8104175c21a3f25974fd18678e568ead5979c1ecfbf73711,2026-07-09T18:20:51Z,swap,50.92,WETH,0.0127,success
0x01cab2fc714847e82a806081c94444f74d3c835f,0xd6a95ddf6051575cf7d2184a1eb971f6d575747517f9fee3ab6dcd03ae621665,2026-07-09T23:08:34Z,swap,137.35,USDT,0.0726,success
0x8be0b1f981bbdad10bc7f4aee8547b2483139e98,0xa2a84447057a6fb3e884cc0199d11d3bc42f8c3f193e4c882bb063e29811c87a,2026-07-10T04:48:16Z,swap,245.4,WETH,0.0509,success
0x01cab2fc714847e82a806081c94444f74d3c835f,0xaa6846759c75e0ffe9acec038274ca7a73218280df8db04c8c07b2e2e56d13b7,2026-07-10T06:17:52Z,swap,184.57,USDT,0.0197,success
0xcdb2dcd3d5a5f066abb092a59757f40ae6a7b41d,0x86b02c8482171a1ed7575973a4b4b1dd355de1e5443c2b02fbdf34af0faf5d16,2026-07-10T12:19:16Z,swap,336.48,MON,0.0623,success
0x5890975cb27701f68e54bc3931fc2111b05d2058,0xd931d38d5eaa5da5576584d9201489dae230c0bc736e4a245bcd763f9b3de220,2026-07-10T13:41:46Z,swap,134.81,WETH,0.0684,success
0xec18dd922cc8699b88b79f17f78ead22873a46ba,0x0696ccb61bd1cc1e401f4ade5988f13c0999a608ad644c16ca4fac3adccb70b2,2026-07-10T16:47:05Z,swap,272.67,WETH,0.0545,success
0xb2a5450c8a346797b73e44dd8076e7421829f25a,0xd84bb51020d481101e3f23740317fe56ce9504e7d12d2a05baf56d908fd58de5,2026-07-11T07:57:51Z,add_liquidity,99.28,USDC,0.0463,success
0x07661b7494914fbfee8026c074e5b98d5dcdbd3b,0x52244fe12067b732febefddcba523cfd3a0d237d153689155f188c770374c42c,2026-07-11T10:42:40Z,swap,17.58,USDC,0.0161,success
0x05efb2c5902d1212f5a23df263528ab1460deff3,0x284a20630f4820b7f27de5daaf3bfeca2e0fa1c7e083d80e0408350dcdca0dd6,2026-07-11T10:51:27Z,swap,48.52,USDC,0.0333,success
0x07661b7494914fbfee8026c074e5b98d5dcdbd3b,0xffee84da45bb363a4679bc4886314f3e390af735a36dc2fe9557ab8a3fb03e2b,2026-07-11T13:49:29Z,swap,110.51,WETH,0.0555,success
0x693a5c27576625f41accfb0f9bedfa6d35a03fce,0x002f0609c207a28a8813a700dd3c8354132a3d1d6fa66653a9387cfd3aa6c172,2026-07-11T19:41:55Z,swap,195.85,USDC,0.0229,success
0x19c29f8fd75beae144bbbac909ccf21a8aace7fa,0xaaaa67ab14ecd2c6cb2e99fe17f86650f396dfe7aed2416fd377e1f9d87e9bfe,2026-07-11T22:58:06Z,add_liquidity,362.93,USDT,0.0309,success
0xb1a57c0d06e645a48144ff58785f94a4fc75c024,0xac026f404e7e12ddd80edb285c880c6e74e1e6d650d0885c3e3b57b1df3e8928,2026-07-12T08:11:41Z,swap,192.79,MON,0.0611,success
0x01cab2fc714847e82a806081c94444f74d3c835f,0xb7d7c923ca75d32e27c7843380cc03b41c9a8f8681d64757bb938591cd801d4a,2026-07-12T09:08:24Z,swap,57.35,USDT,0.0611,success
0x8e1bd0347e011c01927c10a20c2fcec6b18edd3c,0x487471280480693dc12c7cc5c280675999b063228ba5fdd9e7dafde9191836fb,2026-07-12T10:27:15Z,swap,176.43,USDC,0.0153,success
0x19c29f8fd75beae144bbbac909ccf21a8aace7fa,0x5d3caed81931244a90c4a46de973c823d2622fe618bd118ab7e35b49eba2a70d,2026-07-12T13:30:16Z,remove_liquidity,120.78,WETH,0.0235,success
0x1ec2d58d2f11c0de95e193de56b77356a6756410,0x020728a3345d44cbb4cac1f07034503b33d1b3aed6cbf8fb55c11e8ccfc0c9f1,2026-07-12T17:11:19Z,swap,72.58,USDT,0.0313,success
0xc67fe7aeff8067aff781fc6becbf72c3c0106486,0x3066a1adb0a53bf3b53637ec1f482a9ec1a3a25f83e11b87dd680ba3c9db2a0d,2026-07-12T19:05:46Z,swap,334.91,USDT,0.0354,success
0xec18dd922cc8699b88b79f17f78ead22873a46ba,0x8442f956e81101bebc1905995df25406304b5e57692caff47d0f5a271fed65ff,2026-07-13T04:02:36Z,add_liquidity,253.9,MON,0.0331,success
0x5d3d604cc7cdf00ee9acd473c124875337dd6bbf,0xda5249d822955224ceb2492766ac25069acec0ab30741b825fda858f21e82fc7,2026-07-13T04:29:39Z,swap,535.21,MON,0.0635,success
0x1f4cb4a707a29ea6c1f848ca401534a9e3a589c1,0xe1902741e413470e5183e6f001b8d714b18edd628e6a52831e9ef4befb720ad1,2026-07-13T06:26:31Z,swap,337.2,WETH,0.0203,success
0x13ba80f1b49a7d5ae543af57699f8aa9dbd8c723,0x36bad66aac66da60df08b0eadcf359ac0cb91f6a4af1292d80c73e124feea701,2026-07-13T08:21:37Z,swap,168.91,USDT,0.048,success
0x386122da023a381bc4fec365a24233dabdb85263,0x1f2b54e37322e1357f629ea26d7e7e934d864482f8ceeac221235c6d4ecfca65,2026-07-13T09:35:45Z,swap,192.82,MON,0.0472,success
0x84ba5f51a36a6f11a13769636e18c911007ab107,0xaf24d229f3c1e13c398354ab74cbaa7aa35b361110a36250b3add026da113c88,2026-07-13T10:43:03Z,swap,93.89,WETH,0.0401,success
0x84ba5f51a36a6f11a13769636e18c911007ab107,0x47099ac6626fdaa2b48bc64d3889c59038de6482e889758700a7e25272a92711,2026-07-13T11:09:11Z,swap,269.3,USDC,0.0715,success
0x13ba80f1b49a7d5ae543af57699f8aa9dbd8c723,0x97d5877f44320d6ba6cd65580f863e27ee74775e228f9e11e9a8e235f0e491ad,2026-07-13T11:12:34Z,add_liquidity,84.3,WETH,0.0518,success
0x5241046eae9fa102b3d0692008fd7c51de57d93d,0x6c075e907363639ff2470f6bb28c5fb70e7adbb4835f4c4d9e5ab1e8ef25fa3c,2026-07-13T11:14:03Z,swap,177.03,USDT,0.042,success
0x1ec2d58d2f11c0de95e193de56b77356a6756410,0xa15570eaf6ce8997ec3d483c7eaf87d351959653d52fbc95fd847cff1eb28a6a,2026-07-13T11:38:06Z,swap,101.3,WETH,0.0332,success
0x1ec2d58d2f11c0de95e193de56b77356a6756410,0xe887b99b3ac60dd280db362c1676989a80adbc4f8da7c0f16c28e856aa769515,2026-07-13T15:31:36Z,swap,177.99,USDT,0.0668,success
0xec41e444083a04cce747e04c99a762aaa18d21ab,0xb4b477ef02ac494765a68a7fb5c79561a64a600eac5d95fe6bbd4f7964961ad6,2026-07-13T15:56:44Z,swap,93.05,MON,0.0678,success
0x27f1da8a03635bc85b27d645e318660812662efd,0xb4d5bb09e2187f32fa431cc7730135088c5ac710093dc23962e515e9a7b5d771,2026-07-13T21:13:19Z,swap,181.69,MON,0.0288,success
0x01cab2fc714847e82a806081c94444f74d3c835f,0x32af26af392335c842aeff073fe4d3d99274b3904db570ca58e79215e25ac095,2026-07-14T00:32:07Z,swap,52.52,WETH,0.0377,success
0x23c16caced4eaed845b71bd6409e3a7c80fea5ee,0x5da08ae0f08402f455a466ec0d9b9706c301965c9812b40135c39f68c9b3b0e9,2026-07-14T04:24:48Z,swap,11.33,USDT,0.0104,success
0x0bdd40fed377b286f252cc27319809c74d9162d5,0x43f835d000681da65038fee25d20035e8199373e0ea5171ea13a32b8dc5bc9f1,2026-07-14T04:42:17Z,swap,63.86,USDC,0.0597,success
0xb2a5450c8a346797b73e44dd8076e7421829f25a,0xe1b7d20fbd3593ed1e2f4315bc75910df68ec6e15397f4662c237f90835bfdc9,2026-07-14T05:14:06Z,swap,105.53,MON,0.0207,success
0x4c26bf6f4c170b1764e11501b1ec47fda85cf035,0xc83665a18c18cc9b6a5b2193921ec6c3707de37ee466cb4692c2e84f30ca6ab0,2026-07-14T07:43:53Z,swap,105.72,USDT,0.0419,success
0x693a5c27576625f41accfb0f9bedfa6d35a03fce,0xaed88e5595f75f8c972cdafa4b9f3ccaa78b4f0a1dd7fecf100fb93d898fcf45,2026-07-14T12:54:38Z,remove_liquidity,247.01,MON,0.0641,success
0x27f1da8a03635bc85b27d645e318660812662efd,0xe5f18a33694dafdc43fac5e8641ecc3f4736cc534dd74686a4350dc91dec67a3,2026-07-14T13:25:27Z,swap,136.52,USDT,0.0105,success
0x84ba5f51a36a6f11a13769636e18c911007ab107,0x42c7f5e0a2c47d35c6d5e9d5f7ab56efa6c8c52576ee399f75f9006ea84ce897,2026-07-14T13:45:00Z,add_liquidity,356.48,WETH,0.0183,success
0x19c29f8fd75beae144bbbac909ccf21a8aace7fa,0xe7fefab23345b7b651d39f957870ff58f28f77fbeacc9cabc29fbeb4326b636d,2026-07-14T16:07:22Z,swap,297.59,WETH,0.0132,success
0x13ba80f1b49a7d5ae543af57699f8aa9dbd8c723,0xf3cf97562bbecf79264917ba3ca5757f2a419f7a1f0d3cb0484fe73d2d60af80,2026-07-14T18:19:56Z,swap,40.67,USDC,0.052,success
0x3be2729c3ae93bbd36c0da386a9580d865b0280c,0x2e5a583db0a8077801b63f56328e838d05f05309d11d5d0027ce5cc97385f98b,2026-07-14T18:59:45Z,swap,75.32,WETH,0.0457,success
0x88fbb12771e16256942f4ea049db7d84466dde99,0x56574b34306fab8952b7f081b097ea120d79359973a12a5a16d163789e9668bc,2026-07-14T20:23:36Z,swap,151.36,MON,0.0355,success
0x84ba5f51a36a6f11a13769636e18c911007ab107,0xe25e0c9cdfeec2dc473c2fcc4478fe8d6085bdb353ddf35ed5a47e5302e29f70,2026-07-14T23:18:05Z,swap,284.45,WETH,0.005,success
0x4d3fdfac94c7e4266bcc8097a1034004dea1e6d1,0x6b4fbdff85758903c9342e04e20bdd17069a6007a842afbb179a898a90b1b502,2026-07-15T02:57:56Z,swap,2851.59,MON,0.0496,success
0x255654059b5c1ca34f453bca0e1e3a4cd742dd4a,0x374993e35fd43ff60f8004fdae2f89229ab169304630c2134639aa650d2a08e9,2026-07-15T03:38:31Z,swap,40.51,USDT,0.0592,success
0x098be1120e0be7612178557734c7b79b613792d3,0x9df776e9131af29d79408d664de1cccf92df0e4446047d4a2b542c93ee0d9d4d,2026-07-15T14:05:06Z,swap,92.54,USDC,0.0586,success
0x7363ba85d3a4cb24a4d16823f39b44ef548e3a20,0x6457ec3708139d6a876059ef28980af40702bdb0208971bfbf6dd8761bf8e4bf,2026-07-15T16:14:44Z,swap,70.79,MON,0.0778,success
0xb1a57c0d06e645a48144ff58785f94a4fc75c024,0x61987984bc1b84e21fee0d84f373a62c8a611026a0a8a24b7ae57e700bea9adb,2026-07-15T16:49:41Z,swap,305.76,WETH,0.0209,success
0xec41e444083a04cce747e04c99a762aaa18d21ab,0x967cf999065016c8714df4ae622b7d7ce68f9964902fe993046dab7fc78ca4c9,2026-07-15T20:17:21Z,swap,162.41,MON,0.0109,success
0x05efb2c5902d1212f5a23df263528ab1460deff3,0x431461811ef92777346f3c4eed37938ccee492d0758467c082591b6dd4f5cf8b,2026-07-15T20:55:33Z,swap,198.57,USDC,0.0193,success
0x5f6b67780bf8e15a65f9d76d04f2db87fe2cf5ad,0xcc8c3cb3dc5d1831eedaa643700c562cd81235e53dd756c61b02ddc0f77895bf,2026-07-16T06:30:41Z,swap,140.81,USDC,0.0491,success
0xd53e3dfd55326bf5c2355e8759f70f2793459c7a,0xd5360730d704f3e7cfb45372f7a3a52c257031190a8773a55fabcc512d3d4028,2026-07-16T06:57:56Z,swap,133.28,WETH,0.0123,success
0x602967384044966d9305439b02fc7978828bdfc8,0xeab79df11d414de0611cf96189f15ebd42518b6b8c4db8e49fee1cc9cbf2ab4e,2026-07-16T09:32:23Z,swap,104.38,WETH,0.0774,success
0xf69ea4e3a9bbda725467f483153b48b669ec1c7f,0x29486ccb7fe23bdc1e4585ad5e45c963a16aee7dc0128fc204a63e9202625dda,2026-07-16T10:21:42Z,swap,1189.12,USDC,0.0035,success
0x1ec2d58d2f11c0de95e193de56b77356a6756410,0xf403d7f38b388bcc33e6371369b6adfbe6e738d2c414579d5236a72730ea10e4,2026-07-16T12:06:32Z,swap,312.52,USDC,0.0687,success
0x13ba80f1b49a7d5ae543af57699f8aa9dbd8c723,0x0eafdb1fe840d6733239ca7365bf15d3497bf2907b1065e50e9ba678c3c9c1fe,2026-07-16T15:05:24Z,swap,96.84,MON,0.0254,success
0xc7286c78ef4f55ffb242c6e7ca4d6f41da526cb2,0x91a673f568faaa6e7cffff68daaf687cfe3df070959bd22042d1ada99365a9b4,2026-07-16T15:30:03Z,swap,75.47,USDT,0.0667,success
0x38c2be83ce6cf69ea2efbe174504d0696cf3c5ae,0xd66bbfe83a9bea7410a17a1b3e8b7c2d8c15f6c030232033f56cf0e872cf0341,2026-07-16T15:33:25Z,add_liquidity,187.32,WETH,0.0022,success
0x18443d15dc82fc8a5f75b851c484f132fd79b815,0xc9f90080c67920e5a120431db339634f6e6f6c19c6b37e638be6565408016ee5,2026-07-16T16:24:07Z,swap,1657.56,USDC,0.0454,success
0x84ba5f51a36a6f11a13769636e18c911007ab107,0x47323fba3982d3f54dc7b7c24165c622bf9bcef297c708bdd8c265bd85aa21d5,2026-07-16T19:33:38Z,swap,342.37,WETH,0.0115,success
0xb2a5450c8a346797b73e44dd8076e7421829f25a,0x71b155d9a93812e31e6d8d555521bcc7f4d71275db6e7940583fb94c4431cfd8,2026-07-17T00:27:54Z,swap,186.56,WETH,0.0419,success
0x5241046eae9fa102b3d0692008fd7c51de57d93d,0x01501d523e280a1d9759ca71ec1b07b240d4bde03a8b415a9efc13ef6c51d120,2026-07-17T04:38:11Z,swap,209.43,WETH,0.061,success
0xc526f5e10ee2fd08a34ea263d1214d428dbefd0f,0x1efff82dc2147cce918160724d2cd2053b4911b403be5e8f0be877cfd23660bc,2026-07-17T06:14:29Z,swap,2834.44,USDC,0.0237,success
0x7363ba85d3a4cb24a4d16823f39b44ef548e3a20,0xaf77e4d9de844ac3d03646cc0030abaa2d36fbc28a06b79e4667df6c3684ec4a,2026-07-17T10:59:22Z,swap,78.61,USDC,0.0698,success
0x8e1bd0347e011c01927c10a20c2fcec6b18edd3c,0xfb4bec4c3792a612aa96f520948729fe08b8bfc7ce629237723113a3c7b3c7e6,2026-07-17T12:56:01Z,swap,84.16,MON,0.0287,success
0xc7286c78ef4f55ffb242c6e7ca4d6f41da526cb2,0x941e2751ea3d9e238425207f7ea9b9dcae01f3546f65d4057d66aebbe198f6b1,2026-07-17T13:27:12Z,swap,228.52,WETH,0.0709,success
0x01cab2fc714847e82a806081c94444f74d3c835f,0x95f720582b07841bc421ba5653b391a8f82982d866db3027dbc50b3291a3859a,2026-07-17T18:03:24Z,swap,149.07,MON,0.0693,success
0x098be1120e0be7612178557734c7b79b613792d3,0x89776cecef9d52e5ff1d5ba3a5e93c9c7053a684402b0e9296f798d4eabcc4e7,2026-07-17T18:21:54Z,swap,146.1,WETH,0.0072,success
0xc67fe7aeff8067aff781fc6becbf72c3c0106486,0x03b7e4d3782f3865dbeb6020c5a2d2ca1a37dc2a1a8a8cb40a6c14f475d2a6b8,2026-07-17T20:41:34Z,swap,386.88,MON,0.0497,success
0x602967384044966d9305439b02fc7978828bdfc8,0x4b943b62b23ab3ce76fa0ed14311a0331dcbda3dd6c3dc9b64902d75d8ebe139,2026-07-17T21:32:48Z,swap,94.69,USDC,0.0232,success
0xdb453a9f6d789f4e94c2ec86249de78d07d34019,0xde1a03646d840331ca72e02004b8e7fc929a6e8a2b2212cd9a7b0b2933b6a543,2026-07-18T00:19:35Z,swap,187.38,USDT,0.0773,success
0xb1a57c0d06e645a48144ff58785f94a4fc75c024,0xf35d760c5f3580c41fed0dc79830935b92606faa6d7b9e0fb81ef11e7e84c050,2026-07-18T03:04:19Z,swap,27.37,USDC,0.08,success
0x5e40eb29e7a8a667a8cb0a0a44ff37e5273510c6,0x6f92a3502aa8ce5c7ef89db24ce1144d3b993b9d9b7b34e02159f372bdd2b800,2026-07-18T03:29:18Z,swap,2841.67,USDT,0.034,success
0xf69ea4e3a9bbda725467f483153b48b669ec1c7f,0x2553cbd3d272445e0a0a686d5a2298791128f942200963a802043e50f21df438,2026-07-18T04:19:48Z,swap,2037.31,USDC,0.02,success
0xc7286c78ef4f55ffb242c6e7ca4d6f41da526cb2,0x9d5c388c3344ad05928657dff4bb189d9a92918219273093dc3baf176aa2a531,2026-07-18T04:52:41Z,add_liquidity,109.58,WETH,0.0407,success
0x780accc18dfa462b3bcf3dff8b35193b387cd21f,0xce3f943c796be0477fed7a406393704664bf6ceacd4687ecb245832b549c3025,2026-07-18T05:03:27Z,remove_liquidity,129.81,USDC,0.0547,success
0xda050b8338555c50b798e61c794c01481c7bf024,0xc77c25ea5c2d2fca1a6f263e706d92ffa44282bdd2d4b7bf438d84d1a424220d,2026-07-18T07:42:10Z,swap,241.8,MON,0.0748,success
0x84e013a88ec2a79e814d16ba4d41f1421a4e8956,0x10d123e36bb748671a46af5605f2eb89ddb46776f5d9ff2701c76a3fef1fda6a,2026-07-18T09:44:13Z,swap,99.23,WETH,0.0184,success
0xb1a57c0d06e645a48144ff58785f94a4fc75c024,0xaee0086e717f81f03146f9880f8b3ff9245a3bf8ced657cf14238bfee59ced47,2026-07-18T12:17:23Z,swap,267.05,USDC,0.0606,success
0x376e091b980094b3d03eea4f394ee14579839f85,0xedb34edbb0670b78e959664da95a3fe5e760d2cc4f57d24a1a39824524c8a8d5,2026-07-18T13:59:47Z,swap,9.32,USDT,0.0194,success
0x1ec2d58d2f11c0de95e193de56b77356a6756410,0x315f270f7ef236a3603733655591397fe1a44832705ea334d975964905624ec1,2026-07-18T14:19:00Z,swap,164.54,USDC,0.0755,success
0x1f4cb4a707a29ea6c1f848ca401534a9e3a589c1,0x130a9962989b5d5737ded60786d548de36896f4b97a607dd6be8095d991ef5c5,2026-07-18T15:53:13Z,swap,165.76,USDT,0.0693,success
0x07661b7494914fbfee8026c074e5b98d5dcdbd3b,0xb6ee1aafc07b336e3d8e5872ea3fcf11e394ed6e3848490f5c0ed616263892e3,2026-07-18T20:33:04Z,swap,195.99,WETH,0.07,success
0x780accc18dfa462b3bcf3dff8b35193b387cd21f,0xff59421ff8a5ec83cc4d8daed6e1a39e02d2a717d526e9758557042a7e39a7ad,2026-07-18T23:21:53Z,swap,133.29,MON,0.0617,success
0x693a5c27576625f41accfb0f9bedfa6d35a03fce,0xade242648b61c144b161650a0125cf31c7cedda208a514a466c65d0c2eace44a,2026-07-19T06:05:12Z,swap,217.95,USDT,0.0022,success
0x07661b7494914fbfee8026c074e5b98d5dcdbd3b,0x2da5719c5a63da42f0be60f6c54e1b807ab13f7a3bb16e215f241c42b5d2f1dc,2026-07-19T06:33:49Z,swap,24.95,USDT,0.042,success
0xc67fe7aeff8067aff781fc6becbf72c3c0106486,0x2a553c8476dad39af7f890f324c18011cdc11cfb49a3f8e1dddf8e709c8d003c,2026-07-19T11:21:32Z,add_liquidity,314.36,WETH,0.0354,success
0xc526f5e10ee2fd08a34ea263d1214d428dbefd0f,0x462fcaa96d4077a338759cdb16314a8390f51cfb5628fed0b40d9aa332fe425e,2026-07-19T15:52:53Z,swap,838.57,WETH,0.0306,success
0x07661b7494914fbfee8026c074e5b98d5dcdbd3b,0x8989d2951f11b16af146462254bb37df9c5f71ba5f62a69d10f44e2920fd6cb8,2026-07-19T16:25:33Z,swap,249.55,WETH,0.0425,success
0xcdb2dcd3d5a5f066abb092a59757f40ae6a7b41d,0x84ea5a5bf3374fca3bb2c63e24aad6b5b3bb1b363eea074eb2be760dbf7131dc,2026-07-19T18:20:16Z,swap,324.73,USDT,0.0513,success
0x97247fbe959d59718f165ad1e54434bccd376f7f,0x4aaad42a6cacecb6fceeaa8486fe77aa6df34658663912df80b2ee092bdddfd3,2026-07-19T19:21:16Z,swap,91.48,WETH,0.0311,success
0x50c69576d5a93eac44ae3f0b33ae2a2da472c6b3,0xa2ac5de09d6680eaab8212008f27cad778d56b4ea75fdf2873b624117051fa44,2026-07-19T21:52:53Z,swap,28.15,WETH,0.0279,success
0x50c69576d5a93eac44ae3f0b33ae2a2da472c6b3,0xbe62f18a93e2ebf16c6b4c5c00c24c9b415c8cab745fa137777405690921b4d8,2026-07-19T22:07:04Z,swap,143.8,MON,0.0091,success
0xec18dd922cc8699b88b79f17f78ead22873a46ba,0x13605486c0896fb5bcc6c61a2f8cbf39e738c44507e7b89b48a77622c8b0148e,2026-07-19T23:46:24Z,swap,135.47,USDT,0.035,success
0xc6124bfca9551dcc8d4633d079e61c1928ea6f8f,0x632d2ff29cf6f72f4bc85a916cb62bc10455379b4cc55c875dc6c7168fbfda45,2026-07-20T00:47:25Z,swap,129.95,USDT,0.0567,success
0xf69ea4e3a9bbda725467f483153b48b669ec1c7f,0xd40f02939665585b4364a53ec019e8c1b26d00dcb44b9382a2f42074c55c9030,2026-07-20T00:55:14Z,swap,1984.86,WETH,0.0482,success
0x84f2a24876ff53a26c75c9424d69e8c89cb75a4e,0xd9d7a650556b6e4ef053fb1fb262da4ba3d6116a5b5d309d9a2e1f125625e91c,2026-07-20T02:34:36Z,swap,27.16,USDT,0.0436,success
0xda050b8338555c50b798e61c794c01481c7bf024,0x67280ed8b7d37f795dcd5ac7c5bbb548b8d2b417a9addc0c02f387b4b850ccaa,2026-07-20T02:47:37Z,swap,292.15,USDT,0.022,success
0x386122da023a381bc4fec365a24233dabdb85263,0x7d0d01004c81b4d41750281d8d944cf025e26525e405fffa668b258fc30c3d1b,2026-07-20T03:15:07Z,swap,377.31,USDC,0.0543,success
0x602967384044966d9305439b02fc7978828bdfc8,0x977d853c79197b150624193b177c882905d2c0056df052a4298bd91b8118a80f,2026-07-20T04:30:06Z,swap,212.28,WETH,0.0236,success
0x27d3b0f103f22f70efe5742d8f09e630fc15ca13,0xda1184a037cca89bbed573cbf38a71df2cce8c3f4095a7a448b0d398e4cf8cb0,2026-07-20T06:11:25Z,swap,45.31,MON,0.0138,success
0xd53e3dfd55326bf5c2355e8759f70f2793459c7a,0x3fead53574b2f476918124c33c217dfcbc449e08574cdfae12f05d8ae00680d9,2026-07-20T06:25:14Z,swap,113.02,MON,0.06,success
0x5f6b67780bf8e15a65f9d76d04f2db87fe2cf5ad,0xbb2630aad7ada110f7ab36714b7feb16ffcac9c0d807ad24d7575509c0766379,2026-07-20T08:06:45Z,swap,110.72,USDT,0.0375,success
0x47be41f52bad0904e54198780445748ba481a415,0x9d9da7e590a8adf7abe84ed2a976e554bb48c84747c6e7d6d50511f4ddad8db6,2026-07-20T10:45:16Z,swap,36.8,USDT,0.0413,success
0xacb3407d2b2f835f95d36bb688635b0d87459d6e,0xc370f5ebe8b8f6e64c9c9f15b9041778f21b65cc32e4e3002d9da5d0fe763375,2026-07-20T13:24:11Z,remove_liquidity,2511.54,MON,0.0043,success
0x7a5e1212305027c06ae45b3abe3e12f478646d09,0xaef54af89f34adffc359ea578d9291bc7896c0b5bf1133c94349772c4bca27af,2026-07-20T13:34:55Z,swap,174.68,USDC,0.0087,success
0x8e1bd0347e011c01927c10a20c2fcec6b18edd3c,0xba16f24aed1be8fd08cc6011485e59c27f4c44767d90f2d706c1c223843d6b2b,2026-07-20T14:03:47Z,swap,44.38,WETH,0.0065,success
0x2f5616e839cae7b60f205b82bd3647de7e6bbd80,0x5d5e050f13b7da4d4d89a7db4a35f491f264f0577472ac978847d4c66b125ecc,2026-07-20T14:46:10Z,swap,127.21,USDC,0.0191,success
0x102a61a0c093bf388fb4964a4fed11c23792c48a,0xf47349f4b70e1b49ae04d256056d2f63db2d91e6b503ccf2d3f63ff501fca9ba,2026-07-20T15:09:15Z,swap,122.41,USDC,0.0613,success
0x13ba80f1b49a7d5ae543af57699f8aa9dbd8c723,0x5943d71068a05bded22409dfb2b3f83dafb87421e2b9868a8bf07235e4aa0cd7,2026-07-20T17:03:13Z,remove_liquidity,92.02,WETH,0.0162,success
0x602967384044966d9305439b02fc7978828bdfc8,0x4297f74d6146b0e6c47964ebe66f20151c1e88cf0833e7fe5fa07089a0a73d5d,2026-07-20T17:30:23Z,swap,35.8,USDT,0.0707,success
0x2f5616e839cae7b60f205b82bd3647de7e6bbd80,0x7b3e6ee383accdda6655a611fc63c1d4b3036e4c07a0a4ff542aa4792b4ca083,2026-07-20T18:46:02Z,swap,50.74,MON,0.0062,success
0x84f2a24876ff53a26c75c9424d69e8c89cb75a4e,0x23f36018eeb1dbe790b2c5931b69a8678ebf3672de0bf9993f7be09f6f2fd5da,2026-07-20T21:03:36Z,swap,81.9,USDC,0.0483,success
0x47be41f52bad0904e54198780445748ba481a415,0x9da6b6e5e7ad1efffab7c0e532806936003a6851548fc119b1d6482da965b79c,2026-07-20T21:22:38Z,swap,11.83,USDC,0.0131,success
0xc6124bfca9551dcc8d4633d079e61c1928ea6f8f,0x2296d8b8eea8380e3dd697ba2724a88e55a6b68a5e8fd78423c8edfc85a62487,2026-07-20T23:40:42Z,swap,38.05,MON,0.0788,success
